sci_name,sci_name_space,main_common_name,order,family,genus,type_voucher,type_kind,type_locality,type_lat,type_lon,museum_full_name,museum_city,museum_country,institution_code,confidence,source_url
Abrawayaomys_ruschii,Abrawayaomys ruschii,Ruschi's Spiny Mouse,Rodentia,Cricetidae,Abrawayaomys,MN-UFRJ 23075,holotype,"""Forno Grande [= Parque Estadual do Forno Grande (20.5°S, 41.6°W)], município de Castelo, ES [= Espírito Santo], Brasil.""",-20.5,-41.6,"Museu Nacional, Universidade Federal do Rio de Janeiro",Rio de Janeiro,Brazil,MN (MNRJ),Hög,https://digitallibrary.amnh.org/server/api/core/bitstreams/9864b9ec-11a5-4018-819e-59f4053bc3ab/content; https://obis.org/institute/13167
Akodon_mystax,Akodon mystax,Caparao Grass Mouse,Rodentia,Cricetidae,Akodon,MN 31910,holotype,"Arrozal, 2300 m, Pico da Bandeira, western slope Mt. Caparaó, Minas Gerais, Brazil.",,,"Museu Nacional, Universidade Federal do Rio de Janeiro",Rio de Janeiro,Brazil,MN (MNRJ),Hög,https://digitallibrary.amnh.org/server/api/core/bitstreams/9864b9ec-11a5-4018-819e-59f4053bc3ab/content; https://obis.org/institute/13167
Brucepattersonius_griserufescens,Brucepattersonius griserufescens,Gray-bellied Brucie,Rodentia,Cricetidae,Brucepattersonius,MN 32016,holotype,"Terreirão, 2400 m, Parque Nacional do Caparaó, Minas Gerais, Brazil.",,,"Museu Nacional, Universidade Federal do Rio de Janeiro",Rio de Janeiro,Brazil,MN (MNRJ),Hög,https://digitallibrary.amnh.org/server/api/core/bitstreams/9864b9ec-11a5-4018-819e-59f4053bc3ab/content; https://obis.org/institute/13167
Cacajao_hosomi,Cacajao hosomi,Neblina Uacari,Primates,Pitheciidae,Cacajao,MN 68613,holotype,"""Imeri Mountains, Serra do Xamatá, Amazonas, Brazil, 0°29′30″S, 65°16′18″W.""",-0.49167,-65.2717,"Museu Nacional, Universidade Federal do Rio de Janeiro",Rio de Janeiro,Brazil,MN (MNRJ),Hög,https://digitallibrary.amnh.org/server/api/core/bitstreams/9864b9ec-11a5-4018-819e-59f4053bc3ab/content; https://obis.org/institute/13167
Cacajao_melanocephalus,Cacajao melanocephalus,Golden-brown Uacari,Primates,Pitheciidae,Cacajao,MN 68616,neotype,Rio Içá at the confluence with the Rio Solimões. Restricted by P. Hershkovitz in 1987 to the Rio Japurá on the north bank of its confluence with the Rio Solimões.,,,"Museu Nacional, Universidade Federal do Rio de Janeiro",Rio de Janeiro,Brazil,MN (MNRJ),Hög,https://digitallibrary.amnh.org/server/api/core/bitstreams/9864b9ec-11a5-4018-819e-59f4053bc3ab/content; https://obis.org/institute/13167
Calomys_cerqueirai,Calomys cerqueirai,Cerqueira's Vesper Mouse,Rodentia,Cricetidae,Calomys,MN 71971,holotype,"margins of Buraco do Cachorro stream, near to Capitão Andrade, Minas Gerais, Brazil.",-19.0764,-41.875,"Museu Nacional, Universidade Federal do Rio de Janeiro",Rio de Janeiro,Brazil,MN (MNRJ),Hög,https://digitallibrary.amnh.org/server/api/core/bitstreams/9864b9ec-11a5-4018-819e-59f4053bc3ab/content; https://obis.org/institute/13167
Calomys_tocantinsi,Calomys tocantinsi,Tocantins Vesper Mouse,Rodentia,Cricetidae,Calomys,MN 62733,holotype,"Rancho Beira Rio, 11°47'S, 49°45'W, 33 km south-west of Formoso do Araguala, Tocantins, Brazil.",-11.7833,-49.75,"Museu Nacional, Universidade Federal do Rio de Janeiro",Rio de Janeiro,Brazil,MN (MNRJ),Hög,https://digitallibrary.amnh.org/server/api/core/bitstreams/9864b9ec-11a5-4018-819e-59f4053bc3ab/content; https://obis.org/institute/13167
Cerradomys_akroai,Cerradomys akroai,Akroa Rice Rat,Rodentia,Cricetidae,Cerradomys,MN 80491,holotype,"near Porto Franco Hydroelectric Dam, Novo Jardim municipality, Tocantins, Brazil.",-11.8,-46.76667,"Museu Nacional, Universidade Federal do Rio de Janeiro",Rio de Janeiro,Brazil,MN (MNRJ),Hög,https://digitallibrary.amnh.org/server/api/core/bitstreams/9864b9ec-11a5-4018-819e-59f4053bc3ab/content; https://obis.org/institute/13167
Cerradomys_goytaca,Cerradomys goytaca,Goytaca Rice Rat,Rodentia,Cricetidae,Cerradomys,MN 73177,holotype,"Parque Nacional Restinga de Jurubatiba, Rio de Janeiro, Brazil.",-22.25,-41.65,"Museu Nacional, Universidade Federal do Rio de Janeiro",Rio de Janeiro,Brazil,MN (MNRJ),Hög,https://digitallibrary.amnh.org/server/api/core/bitstreams/9864b9ec-11a5-4018-819e-59f4053bc3ab/content; https://obis.org/institute/13167
Cerradomys_langguthi,Cerradomys langguthi,Langguth's Rice Rat,Rodentia,Cricetidae,Cerradomys,MN 69786,holotype,"Corredor São João-Fazenda Pacatuba, Sapé, State of Paraíba, Brazil.",-7.03333,-35.15,"Museu Nacional, Universidade Federal do Rio de Janeiro",Rio de Janeiro,Brazil,MN (MNRJ),Hög,https://digitallibrary.amnh.org/server/api/core/bitstreams/9864b9ec-11a5-4018-819e-59f4053bc3ab/content; https://obis.org/institute/13167
Cerradomys_maracajuensis,Cerradomys maracajuensis,Maracaju Rice Rat,Rodentia,Cricetidae,Cerradomys,MN 44178,holotype,"Fazenda da Mata, Maracaju Municipality, Mato Grosso do Sul, Brazil.",-21.6333,-55.15,"Museu Nacional, Universidade Federal do Rio de Janeiro",Rio de Janeiro,Brazil,MN (MNRJ),Hög,https://digitallibrary.amnh.org/server/api/core/bitstreams/9864b9ec-11a5-4018-819e-59f4053bc3ab/content; https://obis.org/institute/13167
Cerradomys_marinhus,Cerradomys marinhus,Marinho's Rice Rat,Rodentia,Cricetidae,Cerradomys,MN 63830,holotype,"Fazenda Sertão Formoso (= Fazenda Jucurutu), altitude around 775 m, Jaborandi municipality, Goiás, Brazil.",-14.8,-45.95,"Museu Nacional, Universidade Federal do Rio de Janeiro",Rio de Janeiro,Brazil,MN (MNRJ),Hög,https://digitallibrary.amnh.org/server/api/core/bitstreams/9864b9ec-11a5-4018-819e-59f4053bc3ab/content; https://obis.org/institute/13167
Cerradomys_scotti,Cerradomys scotti,Lindbergh's Rice Rat,Rodentia,Cricetidae,Cerradomys,MN 44176,holotype,"Morro dos Cabeludos (= Morro de Cabeludo), Goiás, Brazil.",-15.9,-48.8,"Museu Nacional, Universidade Federal do Rio de Janeiro",Rio de Janeiro,Brazil,MN (MNRJ),Hög,https://digitallibrary.amnh.org/server/api/core/bitstreams/9864b9ec-11a5-4018-819e-59f4053bc3ab/content; https://obis.org/institute/13167
Cerradomys_vivoi,Cerradomys vivoi,Vivo's Rice Rat,Rodentia,Cricetidae,Cerradomys,MN 35898,holotype,"Parque Zoobotânico da Comissão Executiva do Plano da Lavoura Cacaueira, 6 km E of Itabuna by road, Bahia, Brazil.",-14.8,-39.26667,"Museu Nacional, Universidade Federal do Rio de Janeiro",Rio de Janeiro,Brazil,MN (MNRJ),Hög,https://digitallibrary.amnh.org/server/api/core/bitstreams/9864b9ec-11a5-4018-819e-59f4053bc3ab/content; https://obis.org/institute/13167
Coendou_prehensilis,Coendou prehensilis,Yellow Quill-tipped Porcupine,Rodentia,Erethizontidae,Coendou,MN 73383,neotype,"""Habitat in Asia, America."" Restricted by Y. L. R. Leite and colleagues in 2011 to ""Mata Xanguá, Usina Trapiche, municipality of Sirihaém, state of Pernambuco, Brazil, 8°38'50"" S, 35°10'15"" W, elevation 100 m"" by neotype selection.",-8.64722,-35.1708,"Museu Nacional, Universidade Federal do Rio de Janeiro",Rio de Janeiro,Brazil,MN (MNRJ),Hög,https://digitallibrary.amnh.org/server/api/core/bitstreams/9864b9ec-11a5-4018-819e-59f4053bc3ab/content; https://obis.org/institute/13167
Coendou_speratus,Coendou speratus,Pernambuco Dwarf Porcupine,Rodentia,Erethizontidae,Coendou,MN 72045,holotype,"""Mata Tauá, Usina Trapiche, municipality of Sirinhaém, state of Pernambuco, Brazil, 8° 33' 46.13"" S, 35° 10' 9.09"" W, elevation 85 m.""",-8.52948,-35.1692,"Museu Nacional, Universidade Federal do Rio de Janeiro",Rio de Janeiro,Brazil,MN (MNRJ),Hög,https://digitallibrary.amnh.org/server/api/core/bitstreams/9864b9ec-11a5-4018-819e-59f4053bc3ab/content; https://obis.org/institute/13167
Cryptonanus_agricolai,Cryptonanus agricolai,Agricola's Opossum,Didelphimorphia,Didelphidae,Cryptonanus,MN 1495,holotype,"""Crato, Ceará,"" Brazil.",-7.23,-39.38,"Museu Nacional, Universidade Federal do Rio de Janeiro",Rio de Janeiro,Brazil,MN (MNRJ),Hög,https://digitallibrary.amnh.org/server/api/core/bitstreams/9864b9ec-11a5-4018-819e-59f4053bc3ab/content; https://obis.org/institute/13167
Ctenomys_bicolor,Ctenomys bicolor,Bicolored Tuco-tuco,Rodentia,Ctenomyidae,Ctenomys,MN 2025,holotype,"""Mato Grosso."" Restricted by C. J. Bidau and F. D. de Avila-Pires in 2009 to Rondônia State, Brazil, 12°01'S, 60°57'W, at 335 m elevation.",-12.0167,-60.95,"Museu Nacional, Universidade Federal do Rio de Janeiro",Rio de Janeiro,Brazil,MN (MNRJ),Hög,https://digitallibrary.amnh.org/server/api/core/bitstreams/9864b9ec-11a5-4018-819e-59f4053bc3ab/content; https://obis.org/institute/13167
Ctenomys_rondoni,Ctenomys rondoni,Rondon's Tuco-tuco,Rodentia,Ctenomyidae,Ctenomys,MN 2051,lectotype,"type locality not given. Identified by J. Moojen in 1955 as ""Maria de Molina"" (= Campos dos Palmares de Maria Molina), Vilhena, Rondônia State, Brazil, 12° 07'S, 60° 28'W.",-12.1167,-60.4667,"Museu Nacional, Universidade Federal do Rio de Janeiro",Rio de Janeiro,Brazil,MN (MNRJ),Hög,https://digitallibrary.amnh.org/server/api/core/bitstreams/9864b9ec-11a5-4018-819e-59f4053bc3ab/content; https://obis.org/institute/13167
Delomys_altimontanus,Delomys altimontanus,Montane Atlantic Forest Rat,Rodentia,Cricetidae,Delomys,MN 69746,holotype,"Campos do Itatiaia, 2450 m, Itatiaia National Park, Rio de Janeiro, Brazil.",-22.3833,-44.66667,"Museu Nacional, Universidade Federal do Rio de Janeiro",Rio de Janeiro,Brazil,MN (MNRJ),Hög,https://digitallibrary.amnh.org/server/api/core/bitstreams/9864b9ec-11a5-4018-819e-59f4053bc3ab/content; https://obis.org/institute/13167
Gyldenstolpia_planaltensis,Gyldenstolpia planaltensis,Cerrado Giant Rat,Rodentia,Cricetidae,Gyldenstolpia,MN 21300,holotype,"Jardim Zoológico de Brasília Sgt. Sílvio Delmar Hollembach, Brasília, Distrito Federal, Brazil.",-15.85,-47.93333333333333,"Museu Nacional, Universidade Federal do Rio de Janeiro",Rio de Janeiro,Brazil,MN (MNRJ),Hög,https://digitallibrary.amnh.org/server/api/core/bitstreams/9864b9ec-11a5-4018-819e-59f4053bc3ab/content; https://obis.org/institute/13167
Hylaeamys_seuanezi,Hylaeamys seuanezi,Atlantic Forest Rice Rat,Rodentia,Cricetidae,Hylaeamys,MN 42678,holotype,"Fazenda União, Municipio de Casimiro de Abreu, estado do Rio de Janeiro (22°25′S, 42°02′W); 50 m.",-22.416666666666668,-42.03333333333333,"Museu Nacional, Universidade Federal do Rio de Janeiro",Rio de Janeiro,Brazil,MN (MNRJ),Hög,https://digitallibrary.amnh.org/server/api/core/bitstreams/9864b9ec-11a5-4018-819e-59f4053bc3ab/content; https://obis.org/institute/13167
Juliomys_ossitenuis,Juliomys ossitenuis,Delicate Red-nosed Tree Mouse,Rodentia,Cricetidae,Juliomys,MN 69752,holotype,"Fazenda Neblina, 1300 m, Parque Estadual da Serra do Brigadeiro, Minas Gerais, Brazil.",-20.7167,-42.48333,"Museu Nacional, Universidade Federal do Rio de Janeiro",Rio de Janeiro,Brazil,MN (MNRJ),Hög,https://digitallibrary.amnh.org/server/api/core/bitstreams/9864b9ec-11a5-4018-819e-59f4053bc3ab/content; https://obis.org/institute/13167
Juliomys_rimofrons,Juliomys rimofrons,Montane Red-rumped Tree Mouse,Rodentia,Cricetidae,Juliomys,MN 61647,holotype,"Brejo da Lapa, 2000 m, east of Pedra Furada, Serra da Mantiqueira, Minas Gerais, Brazil.",-22.35,-44.73333,"Museu Nacional, Universidade Federal do Rio de Janeiro",Rio de Janeiro,Brazil,MN (MNRJ),Hög,https://digitallibrary.amnh.org/server/api/core/bitstreams/9864b9ec-11a5-4018-819e-59f4053bc3ab/content; https://obis.org/institute/13167
Juscelinomys_candango,Juscelinomys candango,Candango Burrowing Mouse,Rodentia,Cricetidae,Juscelinomys,MN 23870,holotype,"""terrenos da Fundação Zoológico Zoobotánica de Brasília (alt. 1030 m), Distrito Federal,"" Brazil. Clarified by U. F. J. Pardiñas and colleagues in 2009 to ""Jardim Zoológico de Brasilia Sgt. Sílvio Delmar Hollembach (15°51'S, 47°56'O), Brasilia, Distrito Federal, Brasil.""",-15.85,-47.9333,"Museu Nacional, Universidade Federal do Rio de Janeiro",Rio de Janeiro,Brazil,MN (MNRJ),Hög,https://digitallibrary.amnh.org/server/api/core/bitstreams/9864b9ec-11a5-4018-819e-59f4053bc3ab/content; https://obis.org/institute/13167
Kerodon_acrobata,Kerodon acrobata,Acrobatic Cavy,Rodentia,Caviidae,Kerodon,MN 22729,holotype,"""Fazenda Santa Helena, at Rio São Mateus, about 72 km from São Domingos and 60 km from Posse (by road), 13° 50' S, 46° 50' W, Goiás, Brazil.""",-13.8333,-46.8333,"Museu Nacional, Universidade Federal do Rio de Janeiro",Rio de Janeiro,Brazil,MN (MNRJ),Hög,https://digitallibrary.amnh.org/server/api/core/bitstreams/9864b9ec-11a5-4018-819e-59f4053bc3ab/content; https://obis.org/institute/13167
Leontopithecus_caissara,Leontopithecus caissara,Black-faced Lion Tamarin,Primates,Callitrichidae,Leontopithecus,MN 28861,holotype,"Barra do Ararapira, Ilha de Superagui, municipality of Guaraqueçaba, Paraná State, Brazil (25° 18' S, 48° 11' W).",-25.3,-48.1833,"Museu Nacional, Universidade Federal do Rio de Janeiro",Rio de Janeiro,Brazil,MN (MNRJ),Hög,https://digitallibrary.amnh.org/server/api/core/bitstreams/9864b9ec-11a5-4018-819e-59f4053bc3ab/content; https://obis.org/institute/13167
Mico_marcai,Mico marcai,Marca's Marmoset,Primates,Callitrichidae,Mico,MN 2856,holotype,"Brazil, mouth of the Rio Castanho (= Rio Roosevelt), a left-bank tributary of the Rio Aripuanã, Amazonas State, Brazil.",,,"Museu Nacional, Universidade Federal do Rio de Janeiro",Rio de Janeiro,Brazil,MN (MNRJ),Hög,https://digitallibrary.amnh.org/server/api/core/bitstreams/9864b9ec-11a5-4018-819e-59f4053bc3ab/content; https://obis.org/institute/13167
Microakodontomys_transitorius,Microakodontomys transitorius,Intermediate Lesser Grass Mouse,Rodentia,Cricetidae,Microakodontomys,MN 25986,holotype,"Parque Nacional de Brasília, 1100 m, Federal District, Brazil.",-15.783333333333333,-47.916666666666664,"Museu Nacional, Universidade Federal do Rio de Janeiro",Rio de Janeiro,Brazil,MN (MNRJ),Hög,https://digitallibrary.amnh.org/server/api/core/bitstreams/9864b9ec-11a5-4018-819e-59f4053bc3ab/content; https://obis.org/institute/13167
Monodelphis_pinocchio,Monodelphis pinocchio,Long-nosed Short-tailed Opossum,Didelphimorphia,Didelphidae,Monodelphis,MN 78680,holotype,"Reserva Florestal do Morro Grande, 23.06° S, 46.92° W, Cotia, São Paulo, Brazil.",-23.06,-46.92,"Museu Nacional, Universidade Federal do Rio de Janeiro",Rio de Janeiro,Brazil,MN (MNRJ),Hög,https://digitallibrary.amnh.org/server/api/core/bitstreams/9864b9ec-11a5-4018-819e-59f4053bc3ab/content; https://obis.org/institute/13167
Neacomys_oliveirai,Neacomys oliveirai,João Oliveira’s Bristly Mouse,Rodentia,Cricetidae,Neacomys,MN 73854,holotype,"""Floresta Nacional de Carajás, municipality of Paraopebas, state of Pará, Brazil, elevation of 654 m (6°2′49.21″S, 50°15′40.73″W).""",-6.047003,-50.261314,"Museu Nacional, Universidade Federal do Rio de Janeiro",Rio de Janeiro,Brazil,MN (MNRJ),Hög,https://digitallibrary.amnh.org/server/api/core/bitstreams/9864b9ec-11a5-4018-819e-59f4053bc3ab/content; https://obis.org/institute/13167
Neoplatymops_mattogrossensis,Neoplatymops mattogrossensis,Mato Grosso Dog-faced Bat,Chiroptera,Molossidae,Neoplatymops,MN 3597,holotype,"""S[outh] Simão, rio Juruena, norte de Mato Grosso,"" Brazil.",,,"Museu Nacional, Universidade Federal do Rio de Janeiro",Rio de Janeiro,Brazil,MN (MNRJ),Hög,https://digitallibrary.amnh.org/server/api/core/bitstreams/9864b9ec-11a5-4018-819e-59f4053bc3ab/content; https://obis.org/institute/13167
Oecomys_cleberi,Oecomys cleberi,Cleber's Arboreal Rice Rat,Rodentia,Cricetidae,Oecomys,MN 24131,holotype,"""Fazenda Agua Limpa da Universidade de Brasília, Distrito Federal, Brasil. Longtitude: 45°54'W. Latitude: 15°57'S.""",-15.95,-45.9,"Museu Nacional, Universidade Federal do Rio de Janeiro",Rio de Janeiro,Brazil,MN (MNRJ),Hög,https://digitallibrary.amnh.org/server/api/core/bitstreams/9864b9ec-11a5-4018-819e-59f4053bc3ab/content; https://obis.org/institute/13167
Oligoryzomys_gri,Oligoryzomys gri,Tiny Pygmy Rice Rat,Rodentia,Cricetidae,Oligoryzomys,MN 87921,holotype,"""Brazil, Rondônia state, Alto Paraíso, Fazenda do Seu Bento (9°19'15""S, 63°19'15""W, 108 m a.s.l.).""",-9.320833,-63.320833,"Museu Nacional, Universidade Federal do Rio de Janeiro",Rio de Janeiro,Brazil,MN (MNRJ),Hög,https://digitallibrary.amnh.org/server/api/core/bitstreams/9864b9ec-11a5-4018-819e-59f4053bc3ab/content; https://obis.org/institute/13167
Oligoryzomys_moojeni,Oligoryzomys moojeni,Moojen's Pygmy Rice Rat,Rodentia,Cricetidae,Oligoryzomys,MN 50309,holotype,"Fazenda Fiandeira in ‘Morro do Chapéu' region, in the lowest part of the Chapada dos Veadeiros National Park, 65 km SSW Cavalcante, Goiás, Brazil.",-14.0667,-47.75,"Museu Nacional, Universidade Federal do Rio de Janeiro",Rio de Janeiro,Brazil,MN (MNRJ),Hög,https://digitallibrary.amnh.org/server/api/core/bitstreams/9864b9ec-11a5-4018-819e-59f4053bc3ab/content; https://obis.org/institute/13167
Oligoryzomys_rupestris,Oligoryzomys rupestris,Highlands Pygmy Rice Rat,Rodentia,Cricetidae,Oligoryzomys,MN 50286,holotype,"Pouso Alto, in the highest part of the Chapada dos Veadeiros National Park, at 1500 m, Goiás, Brazil.",-14.0167,-47.51667,"Museu Nacional, Universidade Federal do Rio de Janeiro",Rio de Janeiro,Brazil,MN (MNRJ),Hög,https://digitallibrary.amnh.org/server/api/core/bitstreams/9864b9ec-11a5-4018-819e-59f4053bc3ab/content; https://obis.org/institute/13167
Oligoryzomys_stramineus,Oligoryzomys stramineus,Straw-colored Pygmy Rice Rat,Rodentia,Cricetidae,Oligoryzomys,MN 34439,holotype,"Fazenda Vão dos Bois, 24 km north of Terezina, 15 km south-west of Rio Paraná, Terezina de Goiás, Goiás, Brazil.",-13.574722222222222,-47.1825,"Museu Nacional, Universidade Federal do Rio de Janeiro",Rio de Janeiro,Brazil,MN (MNRJ),Hög,https://digitallibrary.amnh.org/server/api/core/bitstreams/9864b9ec-11a5-4018-819e-59f4053bc3ab/content; https://obis.org/institute/13167
Oxymycterus_caparaoe,Oxymycterus caparaoe,Mount Caparao Hocicudo,Rodentia,Cricetidae,Oxymycterus,MN 31997,holotype,"Arrozal, 2400 m, Parque Nacional do Caparaó, Minas Gerais, Brazil.",,,"Museu Nacional, Universidade Federal do Rio de Janeiro",Rio de Janeiro,Brazil,MN (MNRJ),Hög,https://digitallibrary.amnh.org/server/api/core/bitstreams/9864b9ec-11a5-4018-819e-59f4053bc3ab/content; https://obis.org/institute/13167
Phyllomys_kerri,Phyllomys kerri,Kerr's Atlantic Tree-rat,Rodentia,Echimyidae,Phyllomys,MN 6241,holotype,"""Ubatuba, S[ão]. Paulo, Brazil."" Restricted by L. H. Emmons and colleagues in 2002 to ""Estação Experimental de Ubatuba, Ubatuba, São Paulo, Brazil, 23°25'S 45°07'W.""",-23.4167,-45.1167,"Museu Nacional, Universidade Federal do Rio de Janeiro",Rio de Janeiro,Brazil,MN (MNRJ),Hög,https://digitallibrary.amnh.org/server/api/core/bitstreams/9864b9ec-11a5-4018-819e-59f4053bc3ab/content; https://obis.org/institute/13167
Phyllomys_lundi,Phyllomys lundi,Lund's Atlantic Tree-rat,Rodentia,Echimyidae,Phyllomys,MN 62392,holotype,"""Fazenda do Bené, 4 km SE Passa Vinte, Minas Gerais, Brazil, 22°14'S 44°12'W, 680 m.""",-22.2333,-44.2,"Museu Nacional, Universidade Federal do Rio de Janeiro",Rio de Janeiro,Brazil,MN (MNRJ),Hög,https://digitallibrary.amnh.org/server/api/core/bitstreams/9864b9ec-11a5-4018-819e-59f4053bc3ab/content; https://obis.org/institute/13167
Phyllomys_mantiqueirensis,Phyllomys mantiqueirensis,Serra da Mantiqueira Atlantic Tree-rat,Rodentia,Echimyidae,Phyllomys,MN 62393,holotype,"""Fazenda da Onça, 13 km SW Delfim Moreira, Minas Gerais, Brazil, 22°36'S 45°20'W, 1850 m.""",-22.6,-45.3333,"Museu Nacional, Universidade Federal do Rio de Janeiro",Rio de Janeiro,Brazil,MN (MNRJ),Hög,https://digitallibrary.amnh.org/server/api/core/bitstreams/9864b9ec-11a5-4018-819e-59f4053bc3ab/content; https://obis.org/institute/13167
Phyllomys_pattoni,Phyllomys pattoni,Patton's Atlantic Tree-rat,Rodentia,Echimyidae,Phyllomys,MN 62391,holotype,"""Mangue do Caritoti, Caravelas, Bahia, Brazil, 17°43'30""S 39°15'35""W; at sea level.""",-17.7167,-39.25,"Museu Nacional, Universidade Federal do Rio de Janeiro",Rio de Janeiro,Brazil,MN (MNRJ),Hög,https://digitallibrary.amnh.org/server/api/core/bitstreams/9864b9ec-11a5-4018-819e-59f4053bc3ab/content; https://obis.org/institute/13167
Rhagomys_jequitiba,Rhagomys jequitiba,Jequitibá Arboreal Mouse,Rodentia,Cricetidae,Rhagomys,MN 91968,holotype,"""Brazil, Minas Gerais state, Alto Jequitibá municipality, Fazenda Harmonia, a protected area of the RPPN Refúgio dos Sauás. It is located in the southeastern Atlantic Forest in the ""Zona da Mata Mineira"", a mountainous region with a high diversity of small non-volant mammal species.""",,,"Museu Nacional, Universidade Federal do Rio de Janeiro",Rio de Janeiro,Brazil,MN (MNRJ),Hög,https://digitallibrary.amnh.org/server/api/core/bitstreams/9864b9ec-11a5-4018-819e-59f4053bc3ab/content; https://obis.org/institute/13167
Rhipidomys_cariri,Rhipidomys cariri,Cariri Climbing Rat,Rodentia,Cricetidae,Rhipidomys,MN 10170,holotype,"Crato, Ceará, Brazil.",-7.233333333333333,-39.38333333333333,"Museu Nacional, Universidade Federal do Rio de Janeiro",Rio de Janeiro,Brazil,MN (MNRJ),Hög,https://digitallibrary.amnh.org/server/api/core/bitstreams/9864b9ec-11a5-4018-819e-59f4053bc3ab/content; https://obis.org/institute/13167
Rhipidomys_ipukensis,Rhipidomys ipukensis,Ipuca Climbing Rat,Rodentia,Cricetidae,Rhipidomys,MN 73741,holotype,"Fazenda Lago Verde, Tocantins, Brazil.",-10.8667,-49.68333,"Museu Nacional, Universidade Federal do Rio de Janeiro",Rio de Janeiro,Brazil,MN (MNRJ),Hög,https://digitallibrary.amnh.org/server/api/core/bitstreams/9864b9ec-11a5-4018-819e-59f4053bc3ab/content; https://obis.org/institute/13167
Rhipidomys_itoan,Rhipidomys itoan,Sky Climbing Rat,Rodentia,Cricetidae,Rhipidomys,MN 63605,holotype,"Garrafão, 700 m, Parque Nacional da Serra dos Órgãos, Rio de Janeiro, Brazil.",-22.4667,-42.98333,"Museu Nacional, Universidade Federal do Rio de Janeiro",Rio de Janeiro,Brazil,MN (MNRJ),Hög,https://digitallibrary.amnh.org/server/api/core/bitstreams/9864b9ec-11a5-4018-819e-59f4053bc3ab/content; https://obis.org/institute/13167
Rhipidomys_ybyrae,Rhipidomys ybyrae,Ybyra Climbing Rat,Rodentia,Cricetidae,Rhipidomys,MN 91158,holotype,"""Brazil, Mato Grosso state, São José do Xingu municipality, fazenda São Luís.""",-10.689479,-52.904696,"Museu Nacional, Universidade Federal do Rio de Janeiro",Rio de Janeiro,Brazil,MN (MNRJ),Hög,https://digitallibrary.amnh.org/server/api/core/bitstreams/9864b9ec-11a5-4018-819e-59f4053bc3ab/content; https://obis.org/institute/13167
Thrichomys_dandreai,Thrichomys dandreai,D’Andrea's Punare,Rodentia,Echimyidae,Thrichomys,MN 93435,holotype,"""Brazil: Mato Grosso state, Chapada dos Guimarães, Cuiabá municipality, foothills of Morro do Cambambe (Figs. 1, S8, supplementary information 2); geographic coordinates: 15°11'44.58""S 55°58'17.76""W.""",-15.195716666666668,-55.9716,"Museu Nacional, Universidade Federal do Rio de Janeiro",Rio de Janeiro,Brazil,MN (MNRJ),Hög,https://digitallibrary.amnh.org/server/api/core/bitstreams/9864b9ec-11a5-4018-819e-59f4053bc3ab/content; https://obis.org/institute/13167
Trinomys_eliasi,Trinomys eliasi,Elias's Spiny-rat,Rodentia,Echimyidae,Trinomys,MN 30524,holotype,"""Restinga da Barra de Maricá (22°31'S, 47°17'W), Município de Maricá, Rio de Janeiro, Brazil.""",-22.5167,-47.2833,"Museu Nacional, Universidade Federal do Rio de Janeiro",Rio de Janeiro,Brazil,MN (MNRJ),Hög,https://digitallibrary.amnh.org/server/api/core/bitstreams/9864b9ec-11a5-4018-819e-59f4053bc3ab/content; https://obis.org/institute/13167
Trinomys_gratiosus,Trinomys gratiosus,Gracile Atlantic Spiny-rat,Rodentia,Echimyidae,Trinomys,MN 4024,holotype,"""Floresta da Caixa Dagua, Santa Teresa, Espírito Santo, Brazil; altitude 750 meters.""",,,"Museu Nacional, Universidade Federal do Rio de Janeiro",Rio de Janeiro,Brazil,MN (MNRJ),Hög,https://digitallibrary.amnh.org/server/api/core/bitstreams/9864b9ec-11a5-4018-819e-59f4053bc3ab/content; https://obis.org/institute/13167
Trinomys_mirapitanga,Trinomys mirapitanga,Pau Brasil Spiny-rat,Rodentia,Echimyidae,Trinomys,MN 31460,holotype,"""Estação Ecológica do Pau Brasil, 16 km W Porto Seguro, Bahia, Brazil, 16°22'S 39°11'W, 40 m alt.""",-16.4,-39.1833,"Museu Nacional, Universidade Federal do Rio de Janeiro",Rio de Janeiro,Brazil,MN (MNRJ),Hög,https://digitallibrary.amnh.org/server/api/core/bitstreams/9864b9ec-11a5-4018-819e-59f4053bc3ab/content; https://obis.org/institute/13167
Trinomys_moojeni,Trinomys moojeni,Moojen's Spiny-rat,Rodentia,Echimyidae,Trinomys,MN 13380,holotype,"""Mata do Dr. Daniel, Conceição do Mato Dentro, Minas Gerais, Brazil; 19° 01'S, 43° 25'W.""",-19.0167,-43.4167,"Museu Nacional, Universidade Federal do Rio de Janeiro",Rio de Janeiro,Brazil,MN (MNRJ),Hög,https://digitallibrary.amnh.org/server/api/core/bitstreams/9864b9ec-11a5-4018-819e-59f4053bc3ab/content; https://obis.org/institute/13167
Trinomys_paratus,Trinomys paratus,Rigid-spined Atlantic Spiny-rat,Rodentia,Echimyidae,Trinomys,MN 4012,holotype,"""Floresta da Capela de São Braz, Santa Teresa, Espírito Santo, Brasil; altitude 630 meters.""",,,"Museu Nacional, Universidade Federal do Rio de Janeiro",Rio de Janeiro,Brazil,MN (MNRJ),Hög,https://digitallibrary.amnh.org/server/api/core/bitstreams/9864b9ec-11a5-4018-819e-59f4053bc3ab/content; https://obis.org/institute/13167
Wiedomys_cerradensis,Wiedomys cerradensis,Cerrado Red-nosed Mouse,Rodentia,Cricetidae,Wiedomys,MN 67022,holotype,"Fazenda Sertão do Formoso, Jaborandi, Bahia, Brazil.",-14.6167,-45.85,"Museu Nacional, Universidade Federal do Rio de Janeiro",Rio de Janeiro,Brazil,MN (MNRJ),Hög,https://digitallibrary.amnh.org/server/api/core/bitstreams/9864b9ec-11a5-4018-819e-59f4053bc3ab/content; https://obis.org/institute/13167
