species_id,sci_name,main_common_name,order,family,genus,specific_epithet,type_kind,type_voucher,extracted_voucher_prefix,candidate_prefix_to_research,type_locality,type_voucher_uris,extinct,domestic
1000002,Tachyglossus_aculeatus,Short-beaked Echidna,Monotremata,Tachyglossidae,Tachyglossus,aculeatus,syntypes,untraced (number not known),UNTRACED,UNTRACED," “New Holland [= Sydney]”, New South Wales, Australia.",,False,False
1000017,Chironectes_minimus,Water Opossum,Didelphimorphia,Didelphidae,Chironectes,minimus,holotype,untraced (number not known),UNTRACED,UNTRACED,"""Gujana."" Restricted by A. Cabrera in 1958 to ""Cayenne, French Guiana.""",,False,False
1000023,Didelphis_virginiana,Virginia Opossum,Didelphimorphia,Didelphidae,Didelphis,virginiana,nonexistent,untraced (number not known),UNTRACED,UNTRACED,"""Virginia, Louisiana, Mexico, Brasil, and Peru."" Restricted by J. A. Allen in 1901 to ""Virginia.""",,False,False
1000024,Lutreolina_crassicaudata,Big Lutrine Opossum,Didelphimorphia,Didelphidae,Lutreolina,crassicaudata,syntypes,untraced (number not known),UNTRACED,UNTRACED,"type locality not given. Restricted by A. Cabrera in 1958 to ""Asunción,"" Paraguay.",,False,False
1000034,Philander_quica,Southern Four-eyed Opossum,Didelphimorphia,Didelphidae,Philander,quica,lectotype,specimen collected by Natterer,SPECIMEN,SPECIMEN,"Sepetiba, near Rio de Janeiro, Brazil.",,False,False
1000063,Monodelphis_americana,Northern Three-striped Opossum,Didelphimorphia,Didelphidae,Monodelphis,americana,nonexistent,untraced (number not known),UNTRACED,UNTRACED,"""Brasilien."" Restricted by A. Cabrera in 1958 to ""Pernambuco"" (= Recife), Pernambuco, Brazil.",,False,False
1000150,Dasyurus_maculatus,Spotted-tailed Quoll,Dasyuromorphia,Dasyuridae,Dasyurus,maculatus,nonexistent,untraced (number not known),UNTRACED,UNTRACED,"Port Jackson, New South Wales, Australia.",,False,False
1000152,Dasyurus_viverrinus,Eastern Quoll,Dasyuromorphia,Dasyuridae,Dasyurus,viverrinus,nonexistent,untraced (number not known),UNTRACED,UNTRACED,"Sydney, New South Wales, Australia.",,False,False
1000189,Phascogale_tapoatafa,Common Brush-tailed Phascogale,Dasyuromorphia,Dasyuridae,Phascogale,tapoatafa,holotype,lost (number not known),LOST,LOST,"Sydney, New South Wales, Australia.",,False,False
1000219,Myrmecobius_fasciatus,Numbat,Dasyuromorphia,Myrmecobiidae,Myrmecobius,fasciatus,holotype,untraced (number not known),UNTRACED,UNTRACED,"""interior of the Swan River settlement, about 90 miles to the S.E. of the mouth of that River,"" Western Austra­lia, Australia.",,False,False
1000220,Thylacinus_cynocephalus,Thylacine,Dasyuromorphia,Thylacinidae,Thylacinus,cynocephalus,nonexistent,untraced (number not known),UNTRACED,UNTRACED,"Tasmania, Australia.",,True,False
1000226,Echymipera_kalubu,Common Spiny Bandicoot,Peramelemorphia,Peramelidae,Echymipera,kalubu,holotype,lost (number not known),LOST,LOST,"""In insula Waigeo,"" (= Waigeo Island, Sorong Division, Papua Province, Indonesia).",,False,False
1000303,Petrogale_penicillata,Brush-tailed Rock Wallaby,Diprotodontia,Macropodidae,Petrogale,penicillata,holotype,untraced (number not known),UNTRACED,UNTRACED,"Sydney, New South Wales, Australia.",,False,False
1000313,Thylogale_brunii,Dusky Pademelon,Diprotodontia,Macropodidae,Thylogale,brunii,holotype,lost (number not known),LOST,LOST,"Aru Islands, West Papua, Indonesia.",,False,False
1000279,Notamacropus_dorsalis,Black-striped Wallaby,Diprotodontia,Macropodidae,Notamacropus,dorsalis,nonexistent,untraced (number not known),UNTRACED,UNTRACED,"No type locality given. Identified by T. Iredale and E. Le G. Troughton in 1934 as ""probably interior (Namoi Hills), New South Wales, Australia.""",,False,False
1000317,Wallabia_bicolor,Swamp Wallaby,Diprotodontia,Macropodidae,Wallabia,bicolor,holotype,untraced (number not known),UNTRACED,UNTRACED,no type locality given.,,False,False
1000342,Petaurus_australis,Yellow-bellied Glider,Diprotodontia,Petauridae,Petaurus,australis,nonexistent,untraced (number not known),UNTRACED,UNTRACED,"Sydney, New South Wales, Australia.",,False,False
1000346,Petaurus_norfolcensis,Squirrel Glider,Diprotodontia,Petauridae,Petaurus,norfolcensis,nonexistent,untraced (number not known),UNTRACED,UNTRACED,"Sydney, New South Wales, Australia.",,False,False
1000351,Petauroides_volans,Southern Greater Glider,Diprotodontia,Pseudocheiridae,Petauroides,volans,nonexistent,untraced (number not known),UNTRACED,UNTRACED,"""New South Wales,"" Australia.",,False,False
1000387,Phalanger_orientalis,Northern Common Cuscus,Diprotodontia,Phalangeridae,Phalanger,orientalis,nonexistent,untraced (number not known),UNTRACED,UNTRACED,"""Amboyna"" (= Ambon Island, Moluccas, Indonesia).",,False,False
1000394,Spilocuscus_maculatus,Common Spotted Cuscus,Diprotodontia,Phalangeridae,Spilocuscus,maculatus,holotype,lost (number not known),LOST,LOST,"""Les Moluques"" (= Moluccas, Indonesia).",,False,False
1000402,Trichosurus_vulpecula,Common Brush-tailed Possum,Diprotodontia,Phalangeridae,Trichosurus,vulpecula,nonexistent,untraced (number not known),UNTRACED,UNTRACED,"""Botany Bay [= Sydney],"" New South Wales, Australia.",,False,False
1000404,Phascolarctos_cinereus,Koala,Diprotodontia,Phascolarctidae,Phascolarctos,cinereus,nonexistent,untraced (number not known),UNTRACED,UNTRACED,"New South Wales, Australia.",,False,False
1000407,Vombatus_ursinus,Common Wombat,Diprotodontia,Vombatidae,Vombatus,ursinus,holotype,untraced (number not known),UNTRACED,UNTRACED,"""New Holland [= Australia].""",,False,False
1000416,Cabassous_tatouay,Greater Naked-tailed Armadillo,Cingulata,Chlamyphoridae,Cabassous,tatouay,nonexistent,lost (number not known),LOST,LOST,"type locality not given. Identified by A. Cabrera in 1958 as ""27 de lat. sur. [= 27° S],"" Paraguay.",,False,False
1000417,Cabassous_unicinctus,Amazon Naked-tailed Armadillo,Cingulata,Chlamyphoridae,Cabassous,unicinctus,lectotype,"Seba pl. 30, fig. 3",SEBA,SEBA,"""Africa."" Corrected by G. L. L. Buffon in 1763 to ""l'Amérique."" Restricted by O. Thomas in 1911 to Suriname, South America.",,False,False
1000424,Dasypus_novemcinctus,Southern Long-nosed Armadillo,Cingulata,Dasypodidae,Dasypus,novemcinctus,lectotype,Marcgrave's figured specimen,MARCGRAVE'S,MARCGRAVE'S,"""in America meridionali."" Restricted by A. Cabrera in 1958 to Pernambuco, Brazil.",,False,False
1000433,Choloepus_didactylus,Linnaeus's Two-toed Sloth,Pilosa,Choloepodidae,Choloepus,didactylus,nonexistent,untraced (number not known),UNTRACED,UNTRACED,"""in Zeylona."" Corrected by O. Thomas in 1911 to Suriname.",,False,False
1000517,Hemicentetes_semispinosus,Lowland Streaked Tenrec,Afrosoricida,Tenrecidae,Hemicentetes,semispinosus,nonexistent,untraced (number not known),UNTRACED,UNTRACED,"""Madagascar.""",,False,False
1000518,Setifer_setosus,Greater Hedgehog Tenrec,Afrosoricida,Tenrecidae,Setifer,setosus,nonexistent,untraced (number not known),UNTRACED,UNTRACED,"""Madagascar.""",,False,False
1000519,Tenrec_ecaudatus,Tailless Tenrec,Afrosoricida,Tenrecidae,Tenrec,ecaudatus,nonexistent,untraced (number not known),UNTRACED,UNTRACED,"""Madagascar.""",,False,False
1000520,Orycteropus_afer,Aardvark,Tubulidentata,Orycteropodidae,Orycteropus,afer,holotype,lost (number not known),LOST,LOST,"Cape of Good Hope, South Africa.",,False,False
1000522,Loxodonta_africana,African Savanna Elephant,Proboscidea,Elephantidae,Loxodonta,africana,nonexistent,untraced (number not known),UNTRACED,UNTRACED,"Orange River, South Africa.",,False,False
1000528,Procavia_capensis,Rock Hyrax,Hyracoidea,Procaviidae,Procavia,capensis,nonexistent,lost (number not known),LOST,LOST,"South Africa, Western Cape Prov., Cape of Good Hope.",,False,False
1000529,Dugong_dugon,Dugong,Sirenia,Dugongidae,Dugong,dugon,nonexistent,untraced (number not known),UNTRACED,UNTRACED,"""Vorgebürge der Guten Hofnung an, bis an die philippinischen Inseln"" (= Cape of Good Hope, South Africa, to the Philippines).",,False,False
1000530,Hydrodamalis_gigas,Steller's Sea Cow,Sirenia,Dugongidae,Hydrodamalis,gigas,nonexistent,untraced (number not known),UNTRACED,UNTRACED,"Bering I, Commander Is, Bering Sea.",,True,False
1000532,Trichechus_manatus,West Indian Manatee,Sirenia,Trichechidae,Trichechus,manatus,nonexistent,untraced (number not known),UNTRACED,UNTRACED,"""Mari Americano."" Restricted by Thomas in 1911 to West Indies.",,False,False
1000533,Trichechus_senegalensis,West African Manatee,Sirenia,Trichechidae,Trichechus,senegalensis,nonexistent,untraced (number not known),UNTRACED,UNTRACED,Senegal.,,False,False
1000546,Tupaia_glis,Common Treeshrew,Scandentia,Tupaiidae,Tupaia,glis,nonexistent,untraced (number not known),UNTRACED,UNTRACED,"""Penang [Island],"" Malaysia.",,False,False
1000563,Cercopithecus_ascanius,Red-tailed Monkey,Primates,Cercopithecidae,Cercopithecus,ascanius,holotype,untraced (number not known),UNTRACED,UNTRACED,"no type locality specified. Restricted by A.B. Machado in 1969 to north-west Angola, by the lower Congo River.",,False,False
1000567,Cercopithecus_diana,Diana Monkey,Primates,Cercopithecidae,Cercopithecus,diana,holotype,untraced (number not known),UNTRACED,UNTRACED,Guinea (probably Liberia).,,False,False
1000575,Cercopithecus_mona,Mona Monkey,Primates,Cercopithecidae,Cercopithecus,mona,nonexistent,untraced (number not known),UNTRACED,UNTRACED,Barbary.,,False,False
1000577,Cercopithecus_nictitans,Putty-nosed Monkey,Primates,Cercopithecidae,Cercopithecus,nictitans,nonexistent,untraced (number not known),UNTRACED,UNTRACED,"Guinea. Restricted by C. P. Groves in 2005 to Equatorial Guinea, Benito River.",,False,False
1000578,Cercopithecus_petaurista,Spot-nosed Monkey,Primates,Cercopithecidae,Cercopithecus,petaurista,nonexistent,untraced (number not known),UNTRACED,UNTRACED,Guinea.,,False,False
1000580,Cercopithecus_roloway,Roloway Monkey,Primates,Cercopithecidae,Cercopithecus,roloway,nonexistent,untraced (number not known),UNTRACED,UNTRACED,Guinea (West Africa).,,False,False
1000584,Chlorocebus_cynosuros,Malbrouck Monkey,Primates,Cercopithecidae,Chlorocebus,cynosuros,nonexistent,untraced (number not known),UNTRACED,UNTRACED,"Democratic Republic of the Congo, Lower Congo, Banana, fixed by E. Schwarz in 1928.",,False,False
1000587,Chlorocebus_sabaeus,Green Monkey,Primates,Cercopithecidae,Chlorocebus,sabaeus,nonexistent,untraced (number not known),UNTRACED,UNTRACED,"""Cape Verde Islands,"" probably Senegal.",,False,False
1000590,Erythrocebus_patas,Common Patas Monkey,Primates,Cercopithecidae,Erythrocebus,patas,nonexistent,untraced (number not known),UNTRACED,UNTRACED,Senegal.,,False,False
1000599,Cercocebus_sanjei,Sanje River Mangabey,Primates,Cercopithecidae,Cercocebus,sanjei,lectotype,male figured and described by Homewood & Rodgers,MALE,MALE,"Tanzania, Sanje Waterfall, Mwanihana Forest.",,False,False
1000600,Cercocebus_torquatus,Red-capped Mangabey,Primates,Cercopithecidae,Cercocebus,torquatus,nonexistent,untraced (number not known),UNTRACED,UNTRACED,Ethiopia (= West Africa).,,False,False
1000604,Macaca_assamensis,Assamese Macaque,Primates,Cercopithecidae,Macaca,assamensis,holotype,lost (number not known),LOST,LOST,"India, Assam.",,False,False
1000606,Macaca_fascicularis,Long-tailed Macaque,Primates,Cercopithecidae,Macaca,fascicularis,holotype,lost (number not known),LOST,LOST,"Indonesia, Sumatra, (Bengkulu).",,False,False
1000610,Macaca_leucogenys,White-cheeked Macaque,Primates,Cercopithecidae,Macaca,leucogenys,holotype,photographed specimen,PHOTOGRAPHED,PHOTOGRAPHED,"Gangrigebu (29° 28' 19.73"" N, 95° 49' 25.00"" E), 2410 m, Mêdog County, Tibet [= Xizang], China.",,False,False
1000612,Macaca_mulatta,Rhesus Macaque,Primates,Cercopithecidae,Macaca,mulatta,holotype,lost (number not known),LOST,LOST,"India, based solely on Tawny Monkey, a menagerie animal (presumably observed in London), not preserved, identified by Pennant in 1771. Restricted by R. Pocock in 1932 to ""Nepal Tarai"" (= Terai), the narrow plain that extends along the southern border of Nepal.",,False,False
1000613,Macaca_munzala,Arunachal Macaque,Primates,Cercopithecidae,Macaca,munzala,holotype,photographed specimen,PHOTOGRAPHED,PHOTOGRAPHED,"Zemithang (27° 42' N, 91° 43' E, at 2180 m above sea level), Tawang district, Arunachal Pradesh, India.",,False,False
1000614,Macaca_nemestrina,Southern Pig-tailed Macaque,Primates,Cercopithecidae,Macaca,nemestrina,holotype,lost (number not known),LOST,LOST,Sumatra.,,False,False
1006642,Macaca_selai,Sela Macaque,Primates,Cercopithecidae,Macaca,selai,holotype,Photographed specimen,PHOTOGRAPHED,PHOTOGRAPHED,"""Nyukmadung (27.4057°N, 92.1332°E), West Kameng district of Arunachal Pradesh, altitude 2016 above sea level.""",,False,False
1000620,Macaca_siberu,Siberut Macaque,Primates,Cercopithecidae,Macaca,siberu,syntypes,lost (number not known),LOST,LOST,"Indonesia, Siberut Island.",,False,False
1000621,Macaca_silenus,Lion-tailed Macaque,Primates,Cercopithecidae,Macaca,silenus,neotype,specimen figured by Buffon,SPECIMEN,SPECIMEN,"""Ceylon."" Corrected by J. Fooden in 1975 to India, Western Ghats, inland from Malabar coast.",,False,False
1000622,Macaca_sinica,Toque Macaque,Primates,Cercopithecidae,Macaca,sinica,holotype,untraced (number not known),UNTRACED,UNTRACED,no type locality.,,False,False
1000623,Macaca_sylvanus,Barbary Macaque,Primates,Cercopithecidae,Macaca,sylvanus,syntypes,lost (number not known),LOST,LOST,Barbary Coast.,,False,False
1000629,Papio_cynocephalus,Yellow Baboon,Primates,Cercopithecidae,Papio,cynocephalus,nonexistent,untraced (number not known),UNTRACED,UNTRACED,"Africa. Restricted by J. A. Allen in 1925 to ""Kenya, inland from Mombasa.""",,False,False
1000630,Papio_hamadryas,Hamadryas Baboon,Primates,Cercopithecidae,Papio,hamadryas,holotype,untraced (number not known),UNTRACED,UNTRACED,Egypt.,,False,False
1000633,Papio_ursinus,Chacma Baboon,Primates,Cercopithecidae,Papio,ursinus,nonexistent,untraced (number not known),UNTRACED,UNTRACED,"South Africa, Western Cape Province, Cape of Good Hope.",,False,False
1000634,Rungwecebus_kipunji,Kipunji,Primates,Cercopithecidae,Rungwecebus,kipunji,holotype,Photographed specimen,PHOTOGRAPHED,PHOTOGRAPHED,"Rungwe-Livingstone (09° 07' S to 09° 11' S and 33° 40' E to 33° 55' E), Southern Highlands, Tanzania.",,False,False
1000660,Presbytis_bicolor,Black-and-white Langur,Primates,Cercopithecidae,Presbytis,bicolor,holotype,LSNSAU SD 16,LSNSAU,LSNSAU,"Batang Kering 0° 50' S, 101° 23' E, 14 km north of Kiliranjao, West Sumatra.",,False,False
1000688,Semnopithecus_entellus,Bengal Sacred Langur,Primates,Cercopithecidae,Semnopithecus,entellus,nonexistent,lost (number not known),LOST,LOST,"India, Bengal.",http://coldb.mnhn.fr/catalognumber/mnhn/zm/2005-957,False,False
1000691,Semnopithecus_johnii,Nilgiri Langur,Primates,Cercopithecidae,Semnopithecus,johnii,holotype,lost (number not known),LOST,LOST,"India, Tellicherry.",,False,False
1000694,Semnopithecus_vetulus,Purple-faced Langur,Primates,Cercopithecidae,Semnopithecus,vetulus,nonexistent,untraced (number not known),UNTRACED,UNTRACED,Ceylon (= Sri Lanka).,,False,False
1000707,Trachypithecus_leucocephalus,White-headed Langur,Primates,Cercopithecidae,Trachypithecus,leucocephalus,lectotype,figured specimen,FIGURED,FIGURED,"Fusui County, Guangxi, China.",,False,False
1000709,Trachypithecus_mauritius,West Javan Langur,Primates,Cercopithecidae,Trachypithecus,mauritius,holotype,lost (number not known),LOST,LOST,"""Mauritius,"" probably W Java. Restricted by D. Brandon-Jones in 1995 to Jasinga.",,False,False
1000720,Pan_troglodytes,Chimpanzee,Primates,Hominidae,Pan,troglodytes,nonexistent,untraced (number not known),UNTRACED,UNTRACED,Angola.,,False,False
1000722,Pongo_pygmaeus,Bornean Orangutan,Primates,Hominidae,Pongo,pygmaeus,holotype,lost (number not known),LOST,LOST,"Indonesia, Kalimantan, Landak River.",,False,False
1000755,Alouatta_arctoidea,Ursine Red Howler,Primates,Atelidae,Alouatta,arctoidea,nonexistent,lost (number not known),LOST,LOST,"Venezuela. Restricted by Cabrera in 1957 to the valley of Aragua, state of Aragua, near Caracas.",http://coldb.mnhn.fr/catalognumber/mnhn/zm/2007-1477,False,False
1000756,Alouatta_belzebul,Eastern Red-handed Howler,Primates,Atelidae,Alouatta,belzebul,nonexistent,untraced (number not known),UNTRACED,UNTRACED,"Brazil. Restricted by O. Thomas in 1911 to Pernambuco, Brazil, and subsequently restricted by A. Cabrera in 1957 to the Rio Capim, eastern Pará.",,False,False
1000759,Alouatta_guariba,Brown Howler,Primates,Atelidae,Alouatta,guariba,nonexistent,lost (number not known),LOST,LOST,"Brazil. Restricted by Cabrera in 1957 to the Rio Paraguaçú, Bahia.",,False,False
1000765,Alouatta_seniculus,Colombian Red Howler,Primates,Atelidae,Alouatta,seniculus,lectotype,specimen collected by Jacquin in Cartagena,SPECIMEN,SPECIMEN,"Cartagena, department of Bolívar, Colombia.",,False,False
1000768,Ateles_chamek,Black Spider Monkey,Primates,Atelidae,Ateles,chamek,nonexistent,untraced (number not known),UNTRACED,UNTRACED,"Peru. Restricted by Kellogg and E. Goldman in 1944 to the Río Comberciato, affluent of the Río Urubamba, Cuzco, Peru.",,False,False
1000773,Ateles_paniscus,Red-faced Black Spider Monkey,Primates,Atelidae,Ateles,paniscus,lectotype,untraced (number not known),UNTRACED,UNTRACED,"South America, Brazil. Restricted by É. Geoffroy Saint-Hilaire in 1803 to French Guiana.",,False,False
1000774,Brachyteles_arachnoides,Southern Muriqui,Primates,Atelidae,Brachyteles,arachnoides,nonexistent,lost (number not known),LOST,LOST,Brazil. Restricted by C. Vieira in 1944 to Rio de Janeiro.,http://coldb.mnhn.fr/catalognumber/mnhn/zm/2007-1475,False,False
1000776,Lagothrix_flavicauda,Yellow-tailed Woolly Monkey,Primates,Atelidae,Lagothrix,flavicauda,syntypes,lost (number not known),LOST,LOST,"Peru, banks of the Amazon. Restricted by J. Fooden in 1963 to Puca Tambo, 1550 m, 80 km east of Chachapoyas, San Martín.",,False,False
1000777,Lagothrix_lagothricha,Common Woolly Monkey,Primates,Atelidae,Lagothrix,lagothricha,holotype,lost (number not known),LOST,LOST,"Colombia, Río Guaviare, above the mouth of the Río Amanaveni, Guainía.",,False,False
1000782,Callithrix_jacchus,Common Marmoset,Primates,Callitrichidae,Callithrix,jacchus,nonexistent,lost (number not known),LOST,LOST,"America. Restricted by O. Thomas in 1911 to Brazil, Pernambuco.",,False,False
1000784,Callithrix_penicillata,Black-tufted-ear Marmoset,Primates,Callitrichidae,Callithrix,penicillata,holotype,lost (number not known),LOST,LOST,"Brazil. Restricted by O. Thomas in 1911 to Lamarão, near Salvador, Bahia.",http://coldb.mnhn.fr/catalognumber/mnhn/zm/2007-1513,False,False
1000790,Leontopithecus_rosalia,Golden Lion Tamarin,Primates,Callitrichidae,Leontopithecus,rosalia,holotype,lost (number not known),LOST,LOST,"Brazil. Restricted by A. P. M. Wied-Neuwied in 1826 to the coast between 22° S and 23° S, from the Cabo de São Tomé to the municipality of Mangaratiba, and further restricted by C. Carvalho in 1965 to the right bank of the Rio São João, Rio de Janeiro State.",,False,False
1000809,Saguinus_fuscus,Lesson's Saddle-back Tamarin,Primates,Callitrichidae,Saguinus,fuscus,syntypes,lost (number not known),LOST,LOST,"""Plaines de Mocoa,"" the lowlands of the Mocoa district, between the ríos Putumayo and Caquetá, Putumayo, Colombia.",,False,False
1000819,Saguinus_midas,Midas Tamarin,Primates,Callitrichidae,Saguinus,midas,nonexistent,lost (number not known),LOST,LOST,America. Restricted by J. C. D. von Schreber in 1775 to Suriname.,,False,False
1000824,Saguinus_oedipus,Cotton-top Tamarin,Primates,Callitrichidae,Saguinus,oedipus,holotype,lost (number not known),LOST,LOST,"America. Restricted by A. Humboldt in 1812 to Colombia, and further restricted by P. Hershkovitz in 1949 to the lower Rio Sinú, Córdoba, Colombia.",,False,False
1000831,Cebus_capucinus,White-faced Capuchin,Primates,Cebidae,Cebus,capucinus,nonexistent,untraced (number not known),UNTRACED,UNTRACED,Colombia. Restricted by E. A. Goldman in 1914 to northern Colombia.,,False,False
1000843,Sapajus_apella,Brown Capuchin,Primates,Cebidae,Sapajus,apella,holotype,untraced (number not known),UNTRACED,UNTRACED,"""America."" Restricted by É. Geoffroy Saint-Hilaire in 1812 to ""Cayenne, French Guiana.""",,False,False
1000847,Sapajus_nigritus,Black-horned Capuchin,Primates,Cebidae,Sapajus,nigritus,nonexistent,untraced (number not known),UNTRACED,UNTRACED,"Serra dos Orgãos, Rio de Janeiro, Brazil.",,False,False
1000848,Sapajus_robustus,Crested Capuchin,Primates,Cebidae,Sapajus,robustus,syntypes,untraced (number not known),UNTRACED,UNTRACED,"Morro da Arara, north of the Rio Mucuri, Minas Gerais, Brazil.",,False,False
1000851,Saimiri_cassiquiarensis,Humboldt's Squirrel Monkey,Primates,Cebidae,Saimiri,cassiquiarensis,holotype,lost (number not known),LOST,LOST,"Río (Caño) Cassiquiare, Amazonas, Venezuela.",,False,False
1000862,Callicebus_personatus,Masked Titi,Primates,Pitheciidae,Callicebus,personatus,holotype,lost (number not known),LOST,LOST,holotype was lost in the early 19th century and the type locality is unknown. Restricted by P. Hershkovitz in 1990 to the lower Rio Doce Basin in the Brazilian state of Espírito Santo.,,False,False
1000864,Cheracebus_lugens,White-chested Titi,Primates,Pitheciidae,Cheracebus,lugens,holotype,lost (number not known),LOST,LOST,"vicinity of San Fernando de Atabapo, at the confluence of the ríos Orinoco and Guaviare, Amazonas, Venezuela.",,False,False
1000898,Chiropotes_chiropotes,Rio Negro Bearded Saki,Primates,Pitheciidae,Chiropotes,chiropotes,holotype,lost (number not known),LOST,LOST,"Upper Rio Orinoco south of the cataracts, Amazonas, Venezuela.",,False,False
1000915,Carlito_syrichta,Philippine Tarsier,Primates,Tarsiidae,Carlito,syrichta,syntypes,lost (number not known),LOST,LOST,"""Luzon.""",,False,False
1000918,Tarsius_fuscus,Makassar Tarsier,Primates,Tarsiidae,Tarsius,fuscus,holotype,lost (number not known),LOST,LOST,"Originally said to come from Madagascar. Restricted by C. P. Groves and M. Shekelle in 2010 to Makassar, South Sulawesi, Indonesia.",,False,False
1000944,Microcebus_danfossi,Ambarijeby Mouse Lemur,Primates,Cheirogaleidae,Microcebus,danfossi,holotype,038y04koa,038Y04KOA,038Y04KOA,"province de Mahajanga, a forest fragment (c.14° 56' S, 47° 42' E) belonging to the village of Ambarijeby (between Analalava and Antsohihy).",,False,False
1000946,Microcebus_gerpi,Gerp's Mouse Lemur,Primates,Cheirogaleidae,Microcebus,gerpi,holotype,002y09fina,002Y09FINA,002Y09FINA,"Madagascar, Province of Toamasina, Forest of Sahafina (18° 47' 28.7"" S, 48° 58' 56.2"" E), in a savoka at about 95 m above sea level, in the rural community of Anivorano-East.",,False,False
1000951,Microcebus_macarthurii,Anjiahely Mouse Lemur,Primates,Cheirogaleidae,Microcebus,macarthurii,holotype,001y07hely,001Y07HELY,001Y07HELY,"Madagascar, province of Antsiranana, Anjiahely (c.15° 24' S, 49° 29' E).",,False,False
1000954,Microcebus_margotmarshae,Margot Marsh's Mouse Lemur,Primates,Cheirogaleidae,Microcebus,margotmarshae,holotype,TAFO6.1,TAFO6.1,TAFO6,"Madagascar, province of Antsiranana, Antafondro Classified Forest (approximately 14° 02' 44.5"" S, 48° 13' 23.4"" E, 134 m above sea level).",,False,False
1000973,Avahi_cleesei,Bemaraha Woolly Lemur,Primates,Indriidae,Avahi,cleesei,holotype,"""_Avahi_ male (body weight = 830 g) captured in Bemaraha on 3 October 1991."" The specimen was released.","""_AVAHI_","""_AVAHI_","18° 59' S, 44° 45' E, approximately 3 km east-north-east of the village of Ambalarano, western Madagascar.",,False,False
1000974,Avahi_laniger,Eastern Woolly Lemur,Primates,Indriidae,Avahi,laniger,nonexistent,untraced (number not known),UNTRACED,UNTRACED,"Madagascar, Betanimena country, Antongil Bay.",,False,False
1000981,Indri_indri,Indri,Primates,Indriidae,Indri,indri,nonexistent,untraced (number not known),UNTRACED,UNTRACED,Madagascar.,,False,False
1000987,Propithecus_edwardsi,Milne-Edwards's Sifaka,Primates,Indriidae,Propithecus,edwardsi,nonexistent,untraced (number not known),UNTRACED,UNTRACED,"Madagascar, west of Mananjary.",,False,False
1000991,Eulemur_albifrons,White-fronted Brown Lemur,Primates,Lemuridae,Eulemur,albifrons,syntypes,untraced (number not known),UNTRACED,UNTRACED,Madagascar.,,False,False
1000996,Eulemur_fulvus,Brown Lemur,Primates,Lemuridae,Eulemur,fulvus,syntypes,untraced (number not known),UNTRACED,UNTRACED,Madagascar.,,False,False
1000997,Eulemur_macaco,Black Lemur,Primates,Lemuridae,Eulemur,macaco,nonexistent,untraced (number not known),UNTRACED,UNTRACED,Madagascar.,,False,False
1001011,Varecia_variegata,Black-and-white Ruffed Lemur,Primates,Lemuridae,Varecia,variegata,nonexistent,untraced (number not known),UNTRACED,UNTRACED,Madagascar.,,False,False
1001058,Sciurocheirus_makandensis,Makande Squirrel Galago,Primates,Galagidae,Sciurocheirus,makandensis,holotype,lost (number not known),LOST,LOST,"Makandé, Forêt des Abeilles, SE Gabon, S of Ogooué R (00° 40' 39"" S, 11° 54' 35"" E).",,False,False
1001064,Nycticebus_coucang,Malaysian Slow Loris,Primates,Lorisidae,Nycticebus,coucang,nonexistent,untraced (number not known),UNTRACED,UNTRACED,"Malaysia, Malacca.",,False,False
1001068,Nycticebus_menagensis,Philippine Slow Loris,Primates,Lorisidae,Nycticebus,menagensis,holotype,lost (number not known),LOST,LOST,"Philippines, Tawitawi.",,False,False
1001080,Lepus_americanus,Snowshoe Hare,Lagomorpha,Leporidae,Lepus,americanus,nonexistent,untraced (number not known),UNTRACED,UNTRACED,"""in America boreeli, ad fretum Hudsonis copiosissimus."" Restricted by E. W. Nelson in 1909 to ""Fort Severn,"" Ontario, Canada.",,False,False
1001090,Lepus_europaeus,European Hare,Lagomorpha,Leporidae,Lepus,europaeus,nonexistent,untraced (number not known),UNTRACED,UNTRACED,"type locality not given. Restricted by É.-L. Trouessart in 1910 to ""Poland.""",,False,False
1006762,Lepus_saharae,West Sahara Hare,Lagomorpha,Leporidae,Lepus,saharae,holotype,"Laâyoune REF 021/2019 Awserd, Laâyoune REF 022/2019 Awserd",LAÂYOUNE,LAÂYOUNE,"""northwest of Aoussard Province, western Sahara, Morocco.""",,False,False
1001107,Lepus_tolai,Tolai Hare,Lagomorpha,Leporidae,Lepus,tolai,nonexistent,untraced (number not known),UNTRACED,UNTRACED,"""Caeterum in montibus aprecis campisque rupestribus vel arenosis circa Selengam…"" Restricted by S. I. Ognev in 1940 to ""valley of the Selenga River,"" Russia. Redefined by J. R. Ellerman and T. C. S. Morrison-Scott in 1951 to ""Adinscholo Mountain, near Tchinden [Chinden = Chindant], on Borsja [= Boriya] River, a tributary of the Onon River, Eastern Siberia.""",,False,False
1001155,Ochotona_dauurica,Daurian Pika,Lagomorpha,Ochotonidae,Ochotona,dauurica,nonexistent,untraced (number not known),UNTRACED,UNTRACED,"""per totam Dauuriam"" (= the whole Dauria), southern part of Zabaikalskiy Territory, Russia.",,False,False
1001172,Ochotona_pusilla,Steppe Pika,Lagomorpha,Ochotonidae,Ochotona,pusilla,nonexistent,untraced (number not known),UNTRACED,UNTRACED,"""in campis circa Volgam"" (= in plains along Volga). Restricted by Chaworth-Musters in 1933 to ""neighbourhood of Samara.""",,False,False
1001218,Dasyprocta_fuliginosa,Black Agouti,Rodentia,Dasyproctidae,Dasyprocta,fuliginosa,nonexistent,lost (number not known),LOST,LOST,"""habitat in Brasilia versus flumen Amazonum."" Restricted by J. A. Allen in 1915 to ""Villa de Borba"" Rio Madeira, Amazonas, Brazil.",,False,False
1006591,Coendou_longicaudatus,Amazonian Long-tailed Porcupine,Rodentia,Erethizontidae,Coendou,longicaudatus,nonexistent,untraced (number not known),UNTRACED,UNTRACED,"Cayenne, French Guiana.",,False,False
1001307,Ctenomys_australis,Dune Tuco-tuco,Rodentia,Ctenomyidae,Ctenomys,australis,holotype,Rusconi 376,RUSCONI,RUSCONI,"""Necochea (F.C.S.), Provincia de Buenos Aires,"" 38°33' S, 58°45' W, 10 m.",,False,False
1001341,Ctenomys_maulinus,Maule Tuco-tuco,Rodentia,Ctenomyidae,Ctenomys,maulinus,nonexistent,untraced (number not known),UNTRACED,UNTRACED,"""D. Toribio Medina."" Restricted by W. H. Osgood in 1943 to ""Laguna de Maule, Talca province, Chile, ca. 36°00' S, 70°30' W.""",,False,False
1001459,Proechimys_longicaudatus,Long-tailed Spiny-rat,Rodentia,Echimyidae,Proechimys,longicaudatus,nonexistent,lost (number not known),LOST,LOST,"""Northern Paraguay."" Restricted by O. Thomas in 1903 to ""the 21st parallel of latitude, therefore not far south of Corumbá,"" Mato Grosso do Sul State, Brazil.",,False,False
1006826,Octomys_rosiae,Rosi's Viscacha Rat,Rodentia,Octodontidae,Octomys,rosiae,holotype,VG-Q1 1800,VG-Q1,VG,"""Vaquería Gruta 1 site (32°31ʹS; 69°00ʹW; 1,650 m asl), Quebrada de Villavicencio, Mendoza Province, western Argentina, Late Holocene""",,True,False
1001282,Atherurus_macrourus,Asian Brush-tailed Porcupine,Rodentia,Hystricidae,Atherurus,macrourus,nonexistent,untraced (number not known),UNTRACED,UNTRACED,"""Habitat in Asia."" Restricted by M. W. Lyon, Jr. in 1907 to ""Malacca,"" Malay Peninsula.",,False,False
1001284,Hystrix_brachyura,Malayan Porcupine,Rodentia,Hystricidae,Hystrix,brachyura,nonexistent,untraced (number not known),UNTRACED,UNTRACED,"""Habitat in Asia."" Identified by A. Grote in J. E. Gray in 1866 as ""Malacca,"" Malaya.",,False,False
1001286,Hystrix_cristata,Crested Porcupine,Rodentia,Hystricidae,Hystrix,cristata,holotype,untraced (number not known),UNTRACED,UNTRACED,"""Habitat in Asia."" Restricted by O. Thomas in 1911 to ""near Rome, Italy.""",,False,False
1001288,Hystrix_javanica,Sunda Porcupine,Rodentia,Hystricidae,Hystrix,javanica,nonexistent,untraced (number not known),UNTRACED,UNTRACED,Java.,,False,False
1001504,Aplodontia_rufa,Mountain Beaver,Rodentia,Aplodontiidae,Aplodontia,rufa,nonexistent,lost (number not known),LOST,LOST,"""neighborhood of the Columbia river,"" Pacific Northwest, North America.",,False,False
1001602,Funambulus_palmarum,Indian Palm Squirrel,Rodentia,Sciuridae,Funambulus,palmarum,nonexistent,lost (number not known),LOST,LOST,"""in America, Asia, Africa."" Restricted by R. C. Wroughton in 1905 to ""E coast of Madras,"" India.",,False,False
1001538,Callosciurus_erythraeus,Pallas's Squirrel,Rodentia,Sciuridae,Callosciurus,erythraeus,nonexistent,lost (number not known),LOST,LOST,"Original type locality not known. Restricted by J. L. Bonhote in 1901 to Assam, India, and further restricted by J. C. Moore and G. H. H. Tate in 1965 to the Garo Hills of Assam.",,False,False
1001565,Menetes_berdmorei,Indochinese Ground Squirrel,Rodentia,Sciuridae,Menetes,berdmorei,holotype,lost (number not known),LOST,LOST,"""Thougyeen district"" (Tenasserim, Myanmar).",,False,False
1001608,Ratufa_indica,Indian Giant Squirrel,Rodentia,Sciuridae,Ratufa,indica,nonexistent,lost (number not known),LOST,LOST,"""in India orientali,"" (Bombay, India).",,False,False
1001610,Sciurillus_pusillus,Neotropical Pygmy Squirrel,Rodentia,Sciuridae,Sciurillus,pusillus,lectotype,Buffon's specimen,BUFFON'S,BUFFON'S,"""Cayenne"" in French Guiana.",,False,False
1001637,Petaurillus_kinlochii,Selangor Pygmy Flying Squirrel,Rodentia,Sciuridae,Petaurillus,kinlochii,holotype,lost (number not known),LOST,LOST,"""Kapar, Selangor, Malaysia.""",,False,False
1001658,Petinomys_fuscocapillus,Travancore Flying Squirrel,Rodentia,Sciuridae,Petinomys,fuscocapillus,holotype,lost (number not known),LOST,LOST,"""S. India, Travancore.""",,False,False
1001685,Sciurus_granatensis,Red-tailed Squirrel,Rodentia,Sciuridae,Sciurus,granatensis,holotype,lost (number not known),LOST,LOST,"""Colombia, Dept. Bolivar, Cartagena.""",,False,False
1001686,Sciurus_griseus,Western Gray Squirrel,Rodentia,Sciuridae,Sciurus,griseus,nonexistent,lost (number not known),LOST,LOST,"""The Dalles of the Columbia [River],"" Wasco Co., Oregon, USA.",,False,False
1001722,Ictidomys_tridecemlineatus,Thirteen-lined Ground Squirrel,Rodentia,Sciuridae,Ictidomys,tridecemlineatus,nonexistent,untraced (number not known),UNTRACED,UNTRACED,"near the source of the Mississippi River. Restricted by J. A. Allen in 1895 to central Minnesota, USA.",,False,False
1001772,Spermophilus_citellus,European Ground Squirrel,Rodentia,Sciuridae,Spermophilus,citellus,syntypes,lost (number not known),LOST,LOST,"""Austria, Bohemia, Polonia."" Restricted by V. Martino and E. Martino in 1940 to Wagram, Austria.",,False,False
1001782,Spermophilus_suslicus,Speckled Ground Squirrel,Rodentia,Sciuridae,Spermophilus,suslicus,nonexistent,untraced (number not known),UNTRACED,UNTRACED,"""in campis vastissimus tanaicensibus precipue urbes et Tambov,"" Voronezh area, Voronezh Oblast, Russia.",,False,False
1001858,Geomys_bursarius,Plains Pocket Gopher,Rodentia,Geomyidae,Geomys,bursarius,holotype,untraced (number not known),UNTRACED,UNTRACED,"""taken from Indian hunters in the upper parts of Interior Canada."" Restricted by C. H. Merriam in 1895 to ""somewhere in Upper Mississippi [River] Valley"" and M. H. Swenk in 1939 to ""Elk River, Sherburne County, Minnesota,"" USA.",,False,False
1001889,Dipodomys_agilis,Agile Kangaroo Rat,Rodentia,Heteromyidae,Dipodomys,agilis,holotype,lost (number not known),LOST,LOST,"Los Angeles, Los Angeles Co., California, USA.",,False,False
1001961,Allactodipus_bobrinskii,Bobrinski's Jerboa,Rodentia,Dipodidae,Allactodipus,bobrinskii,syntypes,"Tashkent 401, Tashkent 402",TASHKENT,TASHKENT,"Khala-Ata, 140 km NW Bukhara, Uzbekistan.",,False,False
1002014,Zapus_hudsonius,Northern Meadow Jumping Mouse,Rodentia,Zapodidae,Zapus,hudsonius,nonexistent,lost (number not known),LOST,LOST,"""Canada, Hudson Bay."" Restricted by R. M. Anderson in 1942 to Fort Severn, Ontario, Canada.",,False,False
1002043,Chionomys_lasistanius,Lazistan Snow Vole,Rodentia,Cricetidae,Chionomys,lasistanius,holotype,Neuhäuser collection 2231,NEUHÄUSER,NEUHÄUSER,"Varsambeg Dağ, Rize, Turkey.",,False,False
1002080,Microtus_lusitanicus,Lusitanian Pine Vole,Rodentia,Cricetidae,Microtus,lusitanicus,nonexistent,untraced (number not known),UNTRACED,UNTRACED,Portugal.,,False,False
1002126,Dicrostonyx_hudsonius,Ungava Collared Lemming,Rodentia,Cricetidae,Dicrostonyx,hudsonius,nonexistent,untraced (number not known),UNTRACED,UNTRACED,"Labrador, Canada.",,False,False
1006658,Dinaromys_longipedis,Western Dinaric Vole,Rodentia,Cricetidae,Dinaromys,longipedis,holotype,Đulić 486,ĐULIĆ,ĐULIĆ,"""Rupe-Kolibe Petra Četnika, Čatrna voda, [Mt.] Dinara, 1420 m above sea level, Dalmatia, Yugoslavia”, now Croatia.",,False,False
1002265,Onychomys_leucogaster,Northern Grasshopper Mouse,Rodentia,Cricetidae,Onychomys,leucogaster,nonexistent,lost (number not known),LOST,LOST,"Mandan village near Fort Clark, Oliver County, North Dakota, USA.",,False,False
1002275,Peromyscus_californicus,California Deermouse,Rodentia,Cricetidae,Peromyscus,californicus,holotype,lost (number not known),LOST,LOST,"Monterey, Monterey County, California, USA.",,False,False
1002393,Akodon_boliviensis,Bolivian Grass Mouse,Rodentia,Cricetidae,Akodon,boliviensis,nonexistent,untraced (number not known),UNTRACED,UNTRACED,"Pichu-Pichún, 14,000 ft., Puno, Peru.",,False,False
1002663,Oryzomys_palustris,Northeastern Marsh Rice Rat,Rodentia,Cricetidae,Oryzomys,palustris,syntypes,lost (number not known),LOST,LOST,"""Fast Land,"" near Salem, Salem County, New Jersey, USA.",,False,False
1002708,Eligmodontia_typus,Lowland Gerbil Mouse,Rodentia,Cricetidae,Eligmodontia,typus,nonexistent,untraced (number not known),UNTRACED,UNTRACED,"""environs de Buenos-Ayres [= Buenos Aires],"" Argentina.",,False,False
1002746,Sigmodon_hispidus,Hispid Cotton Rat,Rodentia,Cricetidae,Sigmodon,hispidus,syntypes,lost (number not known),LOST,LOST,"St. John's River, Florida USA.",,False,False
1002948,Gerbillus_stigmonyx,Khartoum Gerbil,Rodentia,Muridae,Gerbillus,stigmonyx,nonexistent,untraced (number not known),UNTRACED,UNTRACED,"Khartoum, Sudan.",,False,False
1006908,Meriones_dahli,Dahl's Jird,Rodentia,Muridae,Meriones,dahli,holotype,Yerevan 5504-8,YEREVAN,YEREVAN,"foothills of Vardanis (Saraibulak) Ridge, Sadarak steppe, Armenia.",,False,False
1002988,Gerbilliscus_brantsii,Highveld Gerbil,Rodentia,Muridae,Gerbilliscus,brantsii,holotype,lost (number not known),LOST,LOST,"Ladybrand, eastern Free State Province, near Lesotho border, South Africa.",,False,False
1003030,Tokudaia_osimensis,Amami Spiny Rat,Rodentia,Muridae,Tokudaia,osimensis,syntypes,Abe (unnumbered),ABE,ABE,"Sumiyo, Mt. Kiyago-kan, Amami-oshima, Ryukyu Iskands, Japan.",,False,False
1003086,Lemniscomys_barbarus,Barbary Striped Grass Mouse,Rodentia,Muridae,Lemniscomys,barbarus,nonexistent,untraced (number not known),UNTRACED,UNTRACED,"""Barbaria [= Morocco].""",,False,False
1003154,Chiropodomys_gliroides,Indomalayan Pencil-tailed Tree Mouse,Rodentia,Muridae,Chiropodomys,gliroides,holotype,lost (number not known),LOST,LOST,"""Cherra[punji],"" E Khasi Hills, Meghalaya State, India.",,False,False
1003187,Leporillus_apicalis,Lesser Stick-nest Rat,Rodentia,Muridae,Leporillus,apicalis,holotype,lost (number not known),LOST,LOST,"South Australia, Australia.",https://data.nhm.ac.uk/object/a81490a7-1c1f-4885-bbc3-8014b7d29c6e,True,False
1003188,Leporillus_conditor,Greater Stick-nest Rat,Rodentia,Muridae,Leporillus,conditor,syntypes,untraced (number not known),UNTRACED,UNTRACED,"about 45 miles (= 72 km) from Laidley Ponds, Polia area, New South Wales, Australia.",,False,False
1003291,Pseudomys_higginsi,Long-tailed Mouse,Rodentia,Muridae,Pseudomys,higginsi,nonexistent,lost (number not known),LOST,LOST,"Kentishbury, Tasmania, Australia.",,False,False
1003411,Otomys_sungae,Eastern Arc Vlei Rat,Rodentia,Muridae,Otomys,sungae,holotype,Bohmann collection 582,BOHMANN,BOHMANN,"""Sunga, Usambara-Gebirge [= Usambara Mountain Range], Deutsch-Ostafrika [= German East Africa], Meereshöhe [= at sea level] 1900 m,"" Tanzania.",,False,False
1003419,Otomys_zinki,Mount Kilimanjaro Vlei Rat,Rodentia,Muridae,Otomys,zinki,holotype,Bohmann collection 548,BOHMANN,BOHMANN,"Peters Hut, 3800 m, Kilimanjaro, ""German East Africa"" (= Tanzania).",,False,False
1003520,Chiromyscus_langbianis,Langbian Tree Rat,Rodentia,Muridae,Chiromyscus,langbianis,holotype,CBK 3556,CBK,CBK,"""Langbian Peaks, South Annam, 5500–6500 ft. [= 1676–1981 m].""",,False,False
1003635,Rattus_losea,Losea Rat,Rodentia,Muridae,Rattus,losea,nonexistent,untraced (number not known),UNTRACED,UNTRACED,"""Formosa [= Taiwan].""",,False,False
1003649,Rattus_norvegicus,Brown Rat,Rodentia,Muridae,Rattus,norvegicus,nonexistent,lost (number not known),LOST,LOST,"""Great Britain.""",,False,False
1003659,Rattus_rattus,Roof Rat,Rodentia,Muridae,Rattus,rattus,nonexistent,lost (number not known),LOST,LOST,"""Europe.""",,False,False
1003742,Brachyuromys_ramirohitra,Large Short-tailed Rat,Rodentia,Nesomyidae,Brachyuromys,ramirohitra,holotype,lost (number not known),LOST,LOST,"""Ampitambè forest, Betsimisaraka country (on the border of N.E. Betsileo), 6 hours S.E. of Fandriana.""",https://data.nhm.ac.uk/object/c2ae898f-794e-448d-b7cd-f4a9dc96e20f,False,False
1003897,Crocidura_glassi,Glass's White-toothed Shrew,Eulipotyphla,Soricidae,Crocidura,glassi,holotype,Stillwater 2107/5151,STILLWATER,STILLWATER,"""Camp in Gara Mulata Mts, Harar,"" Ethiopia.",,False,False
1004012,Crocidura_tadae,Kuroda's White-toothed Shrew,Eulipotyphla,Soricidae,Crocidura,tadae,holotype,untraced (number not known),UNTRACED,UNTRACED,"Orchid I, off SE Taiwan.",,False,False
1007017,Diplomesodon_sonnerati,Sonnerat's Shrew,Eulipotyphla,Soricidae,Diplomesodon,sonnerati,holotype,Specimen illustrated by Sonnerat,SPECIMEN,SPECIMEN,"""Vicinity of Pondicherry/Puducherry, southern India.""",,False,False
1004218,Sorex_arcticus,Arctic Shrew,Eulipotyphla,Soricidae,Sorex,arcticus,nonexistent,untraced (number not known),UNTRACED,UNTRACED,"""Hudson Bay"" Ontario, Canada.",,False,False
1004228,Sorex_cinereus,Masked Shrew,Eulipotyphla,Soricidae,Sorex,cinereus,nonexistent,untraced (number not known),UNTRACED,UNTRACED,"Fort Severn, Ontario, Canada.",,False,False
1004301,Parascalops_breweri,Hairy-tailed Mole,Eulipotyphla,Talpidae,Parascalops,breweri,holotype,lost (number not known),LOST,LOST,"""Martha's Vineyard, an Island on the coast of New England,"" Massachusetts, USA.",,False,False
1004302,Scalopus_aquaticus,Eastern Mole,Eulipotyphla,Talpidae,Scalopus,aquaticus,nonexistent,untraced (number not known),UNTRACED,UNTRACED,"""America."" Restricted by H. H. T. Jackson in 1915 to ""Philadelphia, Pennsylvania,"" USA.",,False,False
1004323,Mogera_imaizumii,Small Japanese Mole,Eulipotyphla,Talpidae,Mogera,imaizumii,holotype,untraced (number not known),UNTRACED,UNTRACED,"Shiobara, Tochigi Prefecture, Honshu, Japan.",,False,False
1004844,Nycteris_parisii,Parisi's Slit-faced Bat,Chiroptera,Nycteridae,Nycteris,parisii,holotype,lost (number not known),LOST,LOST,"""Balli, Somalia.""",,False,False
1004869,Mystacina_tuberculata,Lesser New Zealand Short-tailed Bat,Chiroptera,Mystacinidae,Mystacina,tuberculata,syntypes,lost (number not known),LOST,LOST,"""New Zealand.""",,False,False
1004882,Diphylla_ecaudata,Hairy-legged Vampire Bat,Chiroptera,Phyllostomidae,Diphylla,ecaudata,nonexistent,lost (number not known),LOST,LOST,"""Brasil."" Restricted by A. Cabrera in 1958 to Río San Francisco, Bahia, Brazil.",,False,False
1004898,Anoura_peruana,Tschudi's Tailless Bat,Chiroptera,Phyllostomidae,Anoura,peruana,nonexistent,untraced (number not known),UNTRACED,UNTRACED,"Hacienda der Cejaregion 5000' [= 1524 m] ü. M. am Ostabhange der Binnencordillera, Junín, Peru.",,False,False
1004913,Glossophaga_soricina,Pallas's Long-tongued Bat,Chiroptera,Phyllostomidae,Glossophaga,soricina,nonexistent,untraced (number not known),UNTRACED,UNTRACED,type locality not given. Restricted by G. S. Miller in 1912 to Suriname.,,False,False
1004966,Macrophyllum_macrophyllum,Long-legged Bat,Chiroptera,Phyllostomidae,Macrophyllum,macrophyllum,nonexistent,untraced (number not known),UNTRACED,UNTRACED,"""In den Wäldern von Brasilien."" Restricted by M. P. zu Wied-Neuwied in 1826 as ""Flusse Mucuri [= Mucuri River],"" Bahia, Brazil.",,False,False
1004967,Trachops_cirrhosus,Common Fringe-lipped Bat,Chiroptera,Phyllostomidae,Trachops,cirrhosus,nonexistent,lost (number not known),LOST,LOST,"type locality not given. Restricted by A. M. Husson in 1962 to Pará, Brazil.",,False,False
1004982,Phyllostomus_hastatus,Greater Spear-nosed Bat,Chiroptera,Phyllostomidae,Phyllostomus,hastatus,nonexistent,untraced (number not known),UNTRACED,UNTRACED,"‘‘Amérique,'' Restricted by J. A. Allen in 1904 to Suriname.",,False,False
1005097,Thyroptera_tricolor,Spix's Disk-winged Bat,Chiroptera,Thyropteridae,Thyroptera,tricolor,nonexistent,lost (number not known),LOST,LOST,"""ad littora fluminis Amazonum."" Restricted by A. M. Husson in 1962 to ""lower Amazon River below Santo Antônio Dolçá at the mouth of the Rio Icá,"" Brazil.",,False,False
1005111,Miniopterus_fuliginosus,Asian Long-fingered Bat,Chiroptera,Miniopteridae,Miniopterus,fuliginosus,nonexistent,untraced (number not known),UNTRACED,UNTRACED,"""Nepal.""",,False,False
1005202,Molossus_molossus,Pallas's Mastiff Bat,Chiroptera,Molossidae,Molossus,molossus,lectotype,larger specimen of Daubenton,LARGER,LARGER,"America. Restricted by A. M. Husson in 1962 to Martinique, Lesser Antilles.",,False,False
1005210,Mops_condylurus,Angolan Free-tailed Bat,Chiroptera,Molossidae,Mops,condylurus,nonexistent,untraced (number not known),UNTRACED,UNTRACED,"Durban, KwaZulu-Natal, South Africa.",,False,False
1006943,Murina_beibengensis,Beibeng Tube-nosed Bat,Chiroptera,Vespertilionidae,Murina,beibengensis,holotype,XZ2024037,XZ2024037,XZ,"""Beibeng Township, Medog County, Nyingchi City, Xizang Autonomous Region, China (29.22926454°N, 95.15008271°E; ca. 864 m. a.s.l.; Fig. 1).""",,False,False
1006942,Murina_chayuensis,Chayu Tube-nosed Bat,Chiroptera,Vespertilionidae,Murina,chayuensis,holotype,XZ2023107,XZ2023107,XZ,"""Chayu County, Linzhi City, Xizang, China (28°29'51.12""N, 97°0'53.87""E, 1511 m a.s.l; Fig. 1).""",,False,False
1006944,Murina_medogensis,Medog Tube-nosed Bat,Chiroptera,Vespertilionidae,Murina,medogensis,holotype,XZ2024038,XZ2024038,XZ,"""Medog Town, Medog County, Nyingchi City, Xizang Autonomous Region, China (29.29867524°N, 95.28785706°E; ca. 813 m. a.s.l.; Fig. 1).""",,False,False
1006945,Murina_milinensis,Milin Tube-nosed Bat,Chiroptera,Vespertilionidae,Murina,milinensis,holotype,XZ2023010,XZ2023010,XZ,"""Nanyi Lhoba Township, Milin County, Nyingchi City, Xizang Autonomous Region, China (29.1598922°N, 94.20712670°E; ca. 3020 m. a.s.l.; Fig. 1).""",,False,False
1005346,Murina_puta,Taiwan Tube-nosed Bat,Chiroptera,Vespertilionidae,Murina,puta,holotype,untraced (number not known),UNTRACED,UNTRACED,"Erh-Shui, Chang Hua, Taiwan.",,False,False
1005354,Murina_tubinaris,Scully's Tube-nosed Bat,Chiroptera,Vespertilionidae,Murina,tubinaris,holotype,lost (number not known),LOST,LOST,"""Gilgit,"" Kashmir, Pakistan.",,False,False
1006947,Murina_yadongensis,Yadong Tube-nosed Bat,Chiroptera,Vespertilionidae,Murina,yadongensis,holotype,XZ2023082,XZ2023082,XZ,"""Boluoka, Xiayadong Township, Yadong County, Shigatse City, Xizang Autonomous Region, China (27.36420685°N, 88.97613108°E; ca. 2775 m. a.s.l.; Fig. 1).""",,False,False
1005383,Myotis_californicus,California Myotis,Chiroptera,Vespertilionidae,Myotis,californicus,holotype,lost (number not known),LOST,LOST,"""California,"" USA.",,False,False
1005428,Myotis_leibii,Eastern Small-footed Myotis,Chiroptera,Vespertilionidae,Myotis,leibii,holotype,lost (number not known),LOST,LOST,"""Erie county, Michigan,"" USA.",,False,False
1005443,Myotis_myotis,Greater Myotis,Chiroptera,Vespertilionidae,Myotis,myotis,nonexistent,untraced (number not known),UNTRACED,UNTRACED,"Thuringia, Germany.",,False,False
1005471,Myotis_sibiricus,Siberian Whiskered Myotis,Chiroptera,Vespertilionidae,Myotis,sibiricus,syntypes,untraced (number not known),UNTRACED,UNTRACED,"Tomsk, Russia.",,False,False
1005490,Submyotodon_latirostris,Taiwan Broad-muzzled Bat,Chiroptera,Vespertilionidae,Submyotodon,latirostris,holotype,untraced (number not known),UNTRACED,UNTRACED,central Taiwan.,,False,False
1005596,Perimyotis_subflavus,Tricolored Bat,Chiroptera,Vespertilionidae,Perimyotis,subflavus,holotype,lost (number not known),LOST,LOST,"""De Géorgia [= Georgia, USA].""",,False,False
1005575,Lasiurus_borealis,Eastern Red Bat,Chiroptera,Vespertilionidae,Lasiurus,borealis,nonexistent,untraced (number not known),UNTRACED,UNTRACED,"New York, USA.",,False,False
1005577,Lasiurus_cinereus,Northern Hoary Bat,Chiroptera,Vespertilionidae,Lasiurus,cinereus,nonexistent,untraced (number not known),UNTRACED,UNTRACED,"Philadelphia, Pennsylvania, USA.",,False,False
1005522,Cnephaeus_hottentotus,Long-tailed Serotine,Chiroptera,Vespertilionidae,Cnephaeus,hottentotus,nonexistent,untraced (number not known),UNTRACED,UNTRACED,"Uitenhage, Eastern Cape Province, South Africa.",,False,False
1006738,Cnephaeus_kobayashii,Kobayashi's Serotine,Chiroptera,Vespertilionidae,Cnephaeus,kobayashii,holotype,untraced (number not known),UNTRACED,UNTRACED,"Heijo, Heian, Nando, Korea.",,False,False
1005531,Cnephaeus_serotinus,Eurasian Serotine,Chiroptera,Vespertilionidae,Cnephaeus,serotinus,nonexistent,untraced (number not known),UNTRACED,UNTRACED,France.,,False,False
1005519,Eptesicus_fuscus,Big Brown Bat,Chiroptera,Vespertilionidae,Eptesicus,fuscus,nonexistent,untraced (number not known),UNTRACED,UNTRACED,"Philadelphia, Pennsylvania, USA.",,False,False
1005604,Nyctalus_lasiopterus,Greater Noctule,Chiroptera,Vespertilionidae,Nyctalus,lasiopterus,nonexistent,untraced (number not known),UNTRACED,UNTRACED,"?Pisa (uncertain), northern Italy.",,False,False
1005607,Nyctalus_noctula,Common Noctule,Chiroptera,Vespertilionidae,Nyctalus,noctula,nonexistent,untraced (number not known),UNTRACED,UNTRACED,France.,,False,False
1005649,Barbastella_barbastellus,Western Barbastelle,Chiroptera,Vespertilionidae,Barbastella,barbastellus,nonexistent,untraced (number not known),UNTRACED,UNTRACED,"Burgundy, France.",,False,False
1005656,Corynorhinus_rafinesquii,Rafinesque's Big-eared Bat,Chiroptera,Vespertilionidae,Corynorhinus,rafinesquii,nonexistent,untraced (number not known),UNTRACED,UNTRACED,"""les Etats-Unis."" Restricted by C. O. Handley, Jr. in 1959 to ""Mount Carmel, Wabash County, Ill[inois].""",,False,False
1005657,Corynorhinus_townsendii,Townsend's Big-eared Bat,Chiroptera,Vespertilionidae,Corynorhinus,townsendii,syntypes,untraced (number not known),UNTRACED,UNTRACED,"""Columbia River."" Restricted by C. O. Handley, Jr. in 1959 to Fort Vancouver, Clark County, Washington, USA.",,False,False
1005662,Plecotus_auritus,Brown Long-eared Bat,Chiroptera,Vespertilionidae,Plecotus,auritus,nonexistent,lost (number not known),LOST,LOST,"""Europa.""",,False,False
1005663,Plecotus_austriacus,Gray Long-eared Bat,Chiroptera,Vespertilionidae,Plecotus,austriacus,nonexistent,untraced (number not known),UNTRACED,UNTRACED,"Vienna, Austria.",,False,False
1005691,Scotophilus_nigrita,Schreber's Yellow Bat,Chiroptera,Vespertilionidae,Scotophilus,nigrita,holotype,lost (number not known),LOST,LOST,Senegal.,,False,False
1005709,Chalinolobus_tuberculatus,New Zealand Long-tailed Bat,Chiroptera,Vespertilionidae,Chalinolobus,tuberculatus,holotype,lost (number not known),LOST,LOST,New Zealand.,,False,False
1004379,Cynopterus_sphinx,Greater Short-nosed Fruit Bat,Chiroptera,Pteropodidae,Cynopterus,sphinx,syntypes,lost (number not known),LOST,LOST,"Tranquebar, Madras, India.",,False,False
1004389,Eidolon_helvum,African Straw-colored Fruit Bat,Chiroptera,Pteropodidae,Eidolon,helvum,holotype,lost (number not known),LOST,LOST,"type locality not given. Fixed by K. Andersen in 1907 to ""Senegal.""",,False,False
1004390,Aproteles_bulmerae,Bulmer's Fruit Bat,Chiroptera,Pteropodidae,Aproteles,bulmerae,holotype,K-EE-12-31,K-EE-12-31,K,"2 km south-east of Chuave Government Station, 1530 m, Chimbu Province, Papua New Guinea.",,False,False
1004408,Macroglossus_minimus,Lesser Long-tongued Blossom Bat,Chiroptera,Pteropodidae,Macroglossus,minimus,syntypes,lost (number not known),LOST,LOST,"Java, Indonesia.",,False,False
1004481,Pteropus_niger,Greater Mascarene Flying Fox,Chiroptera,Pteropodidae,Pteropus,niger,nonexistent,untraced (number not known),UNTRACED,UNTRACED,"La Réunion Island, Mascarene Islands (France).",,False,False
1004485,Pteropus_pelagicus,Chuuk Flying Fox,Chiroptera,Pteropodidae,Pteropus,pelagicus,holotype,untraced (number not known),UNTRACED,UNTRACED,"Lukunor Atoll, Mortlock Islands, Chuuk State, Federate States of Micronesia.",,False,False
1004496,Pteropus_rufus,Malagasy Flying Fox,Chiroptera,Pteropodidae,Pteropus,rufus,holotype,untraced (number not known),UNTRACED,UNTRACED,Madagascar. Restricted by K. Andersen in 1908 to North and Central Madagascar.,,False,False
1004501,Pteropus_subniger,Lesser Mascarene Flying Fox,Chiroptera,Pteropodidae,Pteropus,subniger,nonexistent,untraced (number not known),UNTRACED,UNTRACED,"Réunion I, Mascarene Is, France.",,True,False
1004508,Pteropus_vetulus,New Caledonia Flying Fox,Chiroptera,Pteropodidae,Pteropus,vetulus,holotype,untraced (number not known),UNTRACED,UNTRACED,"New Caledonia, France.",,False,False
1004589,Hipposideros_crumeniferus,Timor Roundleaf Bat,Chiroptera,Hipposideridae,Hipposideros,crumeniferus,nonexistent,untraced (number not known),UNTRACED,UNTRACED,Timor Island.,,False,False
1004635,Hipposideros_speoris,Schneider's Roundleaf Bat,Chiroptera,Hipposideridae,Hipposideros,speoris,nonexistent,untraced (number not known),UNTRACED,UNTRACED,"Tranquebar, Madras, India.",,False,False
1004684,Rhinolophus_ferrumequinum,Greater Horseshoe Bat,Chiroptera,Rhinolophidae,Rhinolophus,ferrumequinum,nonexistent,untraced (number not known),UNTRACED,UNTRACED,France.,,False,False
1004693,Rhinolophus_hipposideros,Lesser Horseshoe Bat,Chiroptera,Rhinolophidae,Rhinolophus,hipposideros,nonexistent,untraced (number not known),UNTRACED,UNTRACED,Germany.,,False,False
1004749,Rhinolophus_subbadius,Little Nepalese Horseshoe Bat,Chiroptera,Rhinolophidae,Rhinolophus,subbadius,holotype,untraced (number not known),UNTRACED,UNTRACED,"""Nepal.""",,False,False
1005798,Phataginus_tetradactylus,Black-bellied Pangolin,Pholidota,Manidae,Phataginus,tetradactylus,nonexistent,untraced (number not known),UNTRACED,UNTRACED,West Africa.,,False,False
1005804,Conepatus_chinga,Molina's Hog-nosed Skunk,Carnivora,Mephitidae,Conepatus,chinga,nonexistent,untraced (number not known),UNTRACED,UNTRACED,"""Chili"", restricted to ""alrededores de Valparaíso"". [Chile].",,False,False
1005806,Conepatus_semistriatus,Striped Hog-nosed Skunk,Carnivora,Mephitidae,Conepatus,semistriatus,nonexistent,untraced (number not known),UNTRACED,UNTRACED,"Originally described from ""Mexico"". Type locality later described as ""Minas de Montuosa, cerca de Pamplona, departamento del norte de Santander, Colombia"".",,False,False
1005808,Mephitis_mephitis,Striped Skunk,Carnivora,Mephitidae,Mephitis,mephitis,nonexistent,untraced (number not known),UNTRACED,UNTRACED,eastern Canada [Province of Quebec].,,False,False
1006600,Spilogale_interrupta,Plains Spotted Skunk,Carnivora,Mephitidae,Spilogale,interrupta,holotype,lost (number not known),LOST,LOST,"""inhabiting Louisiana."" Restricted to ""the Missouri River flood plain in southern Chariton Country or northern Saline County, Missouri,"" by N. Woodman and A. Ferguson in 2021.",,False,False
1005811,Spilogale_putorius,Alleghanian Spotted Skunk,Carnivora,Mephitidae,Spilogale,putorius,nonexistent,lost (number not known),LOST,LOST,"""America septentrionali."" Restricted to ""South Carolina,"" by A. H. Howell in 1901 and O. Thomas in 1911.",,False,False
1005817,Martes_americana,American Marten,Carnivora,Mustelidae,Martes,americana,nonexistent,untraced (number not known),UNTRACED,UNTRACED,North America.,,False,False
1005819,Martes_flavigula,Yellow-throated Marten,Carnivora,Mustelidae,Martes,flavigula,nonexistent,untraced (number not known),UNTRACED,UNTRACED,Nepal.,,False,False
1005825,Pekania_pennanti,Fisher,Carnivora,Mustelidae,Pekania,pennanti,nonexistent,untraced (number not known),UNTRACED,UNTRACED,Eastern Canada.,,False,False
1005838,Vormela_peregusna,Marbled Polecat,Carnivora,Mustelidae,Vormela,peregusna,nonexistent,untraced (number not known),UNTRACED,UNTRACED,Russia.,,False,False
1005832,Galictis_cuja,Lesser Grison,Carnivora,Mustelidae,Galictis,cuja,nonexistent,untraced (number not known),UNTRACED,UNTRACED,Chile.,,False,False
1005833,Galictis_vittata,Greater Grison,Carnivora,Mustelidae,Galictis,vittata,holotype,untraced (number not known),UNTRACED,UNTRACED,Surinam.,,False,False
1005844,Lontra_canadensis,North American River Otter,Carnivora,Mustelidae,Lontra,canadensis,nonexistent,untraced (number not known),UNTRACED,UNTRACED,Eastern Canada.,,False,False
1005845,Lontra_felina,Marine Otter,Carnivora,Mustelidae,Lontra,felina,nonexistent,untraced (number not known),UNTRACED,UNTRACED,Chile.,,False,False
1005852,Pteronura_brasiliensis,Giant Otter,Carnivora,Mustelidae,Pteronura,brasiliensis,lectotype,specimen described by Barrère,SPECIMEN,SPECIMEN,"“río São Franciso, en la orilla correspondiente al estado de Alagoas,” Brazil.",,False,False
1005853,Arctonyx_albogularis,Northern Hog Badger,Carnivora,Mustelidae,Arctonyx,albogularis,holotype,untraced (number not known),UNTRACED,UNTRACED,Tibet.,,False,False
1005860,Mellivora_capensis,Honey Badger,Carnivora,Mustelidae,Mellivora,capensis,nonexistent,untraced (number not known),UNTRACED,UNTRACED,"Cape of Good Hope, South Africa.",,False,False
1005870,Mustela_lutreola,European Mink,Carnivora,Mustelidae,Mustela,lutreola,nonexistent,untraced (number not known),UNTRACED,UNTRACED,Finland.,,False,False
1005874,Mustela_nivalis,Least Weasel,Carnivora,Mustelidae,Mustela,nivalis,nonexistent,untraced (number not known),UNTRACED,UNTRACED,Sweden.,,False,False
1005877,Mustela_sibirica,Siberian Weasel,Carnivora,Mustelidae,Mustela,sibirica,nonexistent,untraced (number not known),UNTRACED,UNTRACED,Russia.,,False,False
1005879,Neogale_vison,American Mink,Carnivora,Mustelidae,Neogale,vison,nonexistent,untraced (number not known),UNTRACED,UNTRACED,Eastern Canada.,,False,False
1005880,Taxidea_taxus,American Badger,Carnivora,Mustelidae,Taxidea,taxus,holotype,lost (number not known),LOST,LOST,Canada.,,False,False
1005887,Nasua_narica,White-nosed Coati,Carnivora,Procyonidae,Nasua,narica,nonexistent,untraced (number not known),UNTRACED,UNTRACED,"""America"" subsequently restricted to Achotal, Isthmus of Tehuantepec, Veracruz, Mexico.",,False,False
1005888,Nasua_nasua,South American Coati,Carnivora,Procyonidae,Nasua,nasua,nonexistent,lost (number not known),LOST,LOST,"America, later restricted to Pernambuco Brazil.",,False,False
1005890,Potos_flavus,Kinkajou,Carnivora,Procyonidae,Potos,flavus,lectotype,Pennant's specimen of _Potos flavus_,PENNANT'S,PENNANT'S,Surinam.,,False,False
1005891,Procyon_cancrivorus,Crab-eating Raccoon,Carnivora,Procyonidae,Procyon,cancrivorus,nonexistent,untraced (number not known),UNTRACED,UNTRACED,"Cayenne, French Guiana.",,False,False
1005894,Odobenus_rosmarus,Walrus,Carnivora,Odobenidae,Odobenus,rosmarus,nonexistent,lost (number not known),LOST,LOST,"""intra Zonam arcticam Europæ, Asiæ, Americæ.""",,False,False
1005896,Arctocephalus_australis,South American Fur Seal,Carnivora,Otariidae,Arctocephalus,australis,holotype,lost (number not known),LOST,LOST,"""Wohnt um Juan Fernandez, und überhaupt in dortigen Meeren"" (= lives to Juan Fernández, and even in local areas).",,False,False
1005897,Arctocephalus_forsteri,New Zealand Fur Seal,Carnivora,Otariidae,Arctocephalus,forsteri,nonexistent,lost (number not known),LOST,LOST,"no type locality given. Restricted by V. B. Scheffer in 1958 to ""Dusky Sound, New Zealand.""",,False,False
1005900,Arctocephalus_philippii,Juan Fernandez Fur Seal,Carnivora,Otariidae,Arctocephalus,philippii,holotype,lost (number not known),LOST,LOST,"""Insel Juan Fernandez."" Restricted by V. B. Scheffer in 1958 to ""Isla Más a Tierra, Islas Juan Fernández, Chile.""",,False,False
1005895,Arctocephalus_pusillus,Afro-Australian Fur Seal,Carnivora,Otariidae,Arctocephalus,pusillus,nonexistent,lost (number not known),LOST,LOST,no type locality given.,,False,False
1005903,Callorhinus_ursinus,Northern Fur Seal,Carnivora,Otariidae,Callorhinus,ursinus,nonexistent,lost (number not known),LOST,LOST,"""Habitat in Camschatcæ maritimis inter Asiam & Americam proximam, primario in insula Beringii."" Restricted by O. Thomas in 1911 to ""Bering Island.""",,False,False
1005904,Eumetopias_jubatus,Steller Sea Lion,Carnivora,Otariidae,Eumetopias,jubatus,nonexistent,lost (number not known),LOST,LOST,"""Aufenthalt in dem nordlichen Theil des stillen Meeres…westlichen Küste von America…ostlichen von Kamtschatka…Inseln…Küsten unter dem 56ten Grade der Breite liegen"" (north part of the Pacific Ocean, Commander and Bering islands).",,False,False
1005905,Neophoca_cinerea,Australian Sea Lion,Carnivora,Otariidae,Neophoca,cinerea,nonexistent,lost (number not known),LOST,LOST,"""N. de l'île Decrès,"" Kangaroo Island, South Australia, Australia.",,False,False
1005908,Zalophus_californianus,California Sea Lion,Carnivora,Otariidae,Zalophus,californianus,nonexistent,lost (number not known),LOST,LOST,"""les rochers dans le voisinage de la baie San-Francisco"" (= San Francisco Bay), California, United States.",,False,False
1005920,Monachus_monachus,Mediterranean Monk Seal,Carnivora,Phocidae,Monachus,monachus,holotype,lost (number not known),LOST,LOST,"""Dalmatian Sea at Ossero."" Restricted by J. E. King in 1956 to Serbia and Montenegro.",,False,False
1005911,Cystophora_cristata,Hooded Seal,Carnivora,Phocidae,Cystophora,cristata,nonexistent,lost (number not known),LOST,LOST,"""Habitat in Groenlandia australiori et Newfoundland"" (= S Greenland and Newfoundland).",,False,False
1005912,Erignathus_barbatus,Bearded Seal,Carnivora,Phocidae,Erignathus,barbatus,nonexistent,lost (number not known),LOST,LOST,"""ad Scotiam atque Groelandiam australiorem, vulgaris circa Islandiam"" (= North Atlantic Ocean, South Greenland).",,False,False
1005914,Histriophoca_fasciata,Ribbon Seal,Carnivora,Phocidae,Histriophoca,fasciata,nonexistent,lost (number not known),LOST,LOST,"""Wohnt um die Kurilischen Inseln"" (= Russia, Kuril Islands).",,False,False
1005924,Pagophilus_groenlandicus,Harp Seal,Carnivora,Phocidae,Pagophilus,groenlandicus,nonexistent,lost (number not known),LOST,LOST,"""in Groenlandia [= Greenland] et Newfoundland.""",,False,False
1005925,Phoca_largha,Spotted Seal,Carnivora,Phocidae,Phoca,largha,nonexistent,lost (number not known),LOST,LOST,"""quam quod observetur tantum ad orientale littus Camtschatcae"" (= Eastern coast of Kamchatka, Russia).",,False,False
1005926,Phoca_vitulina,Harbor Seal,Carnivora,Phocidae,Phoca,vitulina,nonexistent,lost (number not known),LOST,LOST,"""in mari Europæo."" Restricted by O. Thomas in 1911 to ""Mari Bothnico et Baltico.""",,False,False
1005927,Pusa_caspica,Caspian Seal,Carnivora,Phocidae,Pusa,caspica,nonexistent,lost (number not known),LOST,LOST,"""in mari, praesertim septentrionali, etiam Pacifico et Caspico [= Caspian Sea].""",,False,False
1005928,Pusa_hispida,Ringed Seal,Carnivora,Phocidae,Pusa,hispida,nonexistent,lost (number not known),LOST,LOST,"""Man fängt ihn auf den Küsten von Grönland und Labrader"" (= Greenland and Labrador).",,False,False
1005929,Pusa_sibirica,Baikal Seal,Carnivora,Phocidae,Pusa,sibirica,nonexistent,lost (number not known),LOST,LOST,"""Baikal et Orom"" (= Lake Baikal and Lake Oron, Russia).",,False,False
1005933,Melursus_ursinus,Sloth Bear,Carnivora,Ursidae,Melursus,ursinus,holotype,untraced (number not known),UNTRACED,UNTRACED,"Bihar (earlier Bengal), India.",,False,False
1005934,Ursus_americanus,American Black Bear,Carnivora,Ursidae,Ursus,americanus,nonexistent,untraced (number not known),UNTRACED,UNTRACED,eastern North America.,,False,False
1005936,Ursus_maritimus,Polar Bear,Carnivora,Ursidae,Ursus,maritimus,syntypes,untraced (number not known),UNTRACED,UNTRACED,"Spitsbergen, (Svalbard) Norway.",,False,False
1005944,Canis_lycaon,Eastern Wolf,Carnivora,Canidae,Canis,lycaon,holotype,lost (number not known),LOST,LOST,"vicinity of Quebec, Quebec, Canada.",,False,False
1005953,Lupulella_mesomelas,Black-backed Jackal,Carnivora,Canidae,Lupulella,mesomelas,nonexistent,untraced (number not known),UNTRACED,UNTRACED,"Cape of Good Hope, South Africa.",,False,False
1005947,Cerdocyon_thous,Crab-eating Fox,Carnivora,Canidae,Cerdocyon,thous,nonexistent,untraced (number not known),UNTRACED,UNTRACED,Suriname.,,False,False
1005950,Dusicyon_australis,Warrah,Carnivora,Canidae,Dusicyon,australis,nonexistent,untraced (number not known),UNTRACED,UNTRACED,Falkland Is.,,True,False
1005954,Lycalopex_culpaeus,Culpeo,Carnivora,Canidae,Lycalopex,culpaeus,nonexistent,untraced (number not known),UNTRACED,UNTRACED,"Santiago Province, Chile.",,False,False
1005965,Urocyon_cinereoargenteus,Northern Gray Fox,Carnivora,Canidae,Urocyon,cinereoargenteus,nonexistent,untraced (number not known),UNTRACED,UNTRACED,eastern North America.,,False,False
1005970,Vulpes_corsac,Corsac Fox,Carnivora,Canidae,Vulpes,corsac,nonexistent,untraced (number not known),UNTRACED,UNTRACED,northern Kazakhstan.,,False,False
1005978,Vulpes_zerda,Fennec Fox,Carnivora,Canidae,Vulpes,zerda,nonexistent,untraced (number not known),UNTRACED,UNTRACED,Sahara region.,,False,False
1005979,Acinonyx_jubatus,Cheetah,Carnivora,Felidae,Acinonyx,jubatus,holotype,untraced (number not known),UNTRACED,UNTRACED,"Western Cape Province, South Africa.",,False,False
1005981,Caracal_caracal,Caracal,Carnivora,Felidae,Caracal,caracal,holotype,untraced (number not known),UNTRACED,UNTRACED,"Table Mountain, near Cape Town, South Africa.",,False,False
1005986,Felis_chaus,Jungle Cat,Carnivora,Felidae,Felis,chaus,nonexistent,untraced (number not known),UNTRACED,UNTRACED,"Russia, Terek River, north of Caucasus.",,False,False
1005987,Felis_lybica,African Wildcat,Carnivora,Felidae,Felis,lybica,holotype,lost (number not known),LOST,LOST,"in the region of the ancient town of Gafsa, Tunisia.",,False,False
1005988,Felis_margarita,Sand Cat,Carnivora,Felidae,Felis,margarita,holotype,lost (number not known),LOST,LOST,"Sahara, Algeria.",,False,False
1005989,Felis_nigripes,Black-footed Cat,Carnivora,Felidae,Felis,nigripes,holotype,untraced (number not known),UNTRACED,UNTRACED,"Kuruman, South Africa.",,False,False
1005990,Felis_silvestris,European Wildcat,Carnivora,Felidae,Felis,silvestris,nonexistent,untraced (number not known),UNTRACED,UNTRACED,no locality = Germany.,,False,False
1005997,Leopardus_guigna,Kodkod,Carnivora,Felidae,Leopardus,guigna,nonexistent,untraced (number not known),UNTRACED,UNTRACED,"Valdivia, Chile.",,False,False
1006002,Leopardus_pardalis,Ocelot,Carnivora,Felidae,Leopardus,pardalis,nonexistent,untraced (number not known),UNTRACED,UNTRACED,"State of Veracruz, Mexico.",,False,False
1006003,Leopardus_tigrinus,Savanna Oncilla,Carnivora,Felidae,Leopardus,tigrinus,holotype,untraced (number not known),UNTRACED,UNTRACED,"Cayenne, French Guiana.",,False,False
1006005,Leptailurus_serval,Serval,Carnivora,Felidae,Leptailurus,serval,holotype,untraced (number not known),UNTRACED,UNTRACED,Cape region of South Africa.,,False,False
1006006,Lynx_canadensis,Canadian Lynx,Carnivora,Felidae,Lynx,canadensis,holotype,untraced (number not known),UNTRACED,UNTRACED,Canada.,,False,False
1006007,Lynx_lynx,Eurasian Lynx,Carnivora,Felidae,Lynx,lynx,nonexistent,untraced (number not known),UNTRACED,UNTRACED,"Wennersborg, S Sweden.",,False,False
1006009,Lynx_rufus,Bobcat,Carnivora,Felidae,Lynx,rufus,nonexistent,untraced (number not known),UNTRACED,UNTRACED,"""Provinz New York in Amerika"".",,False,False
1006010,Otocolobus_manul,Pallas's Cat,Carnivora,Felidae,Otocolobus,manul,nonexistent,untraced (number not known),UNTRACED,UNTRACED,"S of Lake Baikal, Russia.",,False,False
1006012,Prionailurus_bengalensis,Mainland Leopard Cat,Carnivora,Felidae,Prionailurus,bengalensis,holotype,untraced (number not known),UNTRACED,UNTRACED,"Bengal, India.",,False,False
1006017,Puma_concolor,Puma,Carnivora,Felidae,Puma,concolor,lectotype,specimen described by Marcgraf,SPECIMEN,SPECIMEN,"Cayenne region, French Guiana.",,False,False
1006020,Panthera_leo,Lion,Carnivora,Felidae,Panthera,leo,nonexistent,untraced (number not known),UNTRACED,UNTRACED,"Morocco, North Africa.",,False,False
1006021,Panthera_onca,Jaguar,Carnivora,Felidae,Panthera,onca,nonexistent,untraced (number not known),UNTRACED,UNTRACED,"Pernambuco, Brazil.",,False,False
1006022,Panthera_pardus,Leopard,Carnivora,Felidae,Panthera,pardus,nonexistent,untraced (number not known),UNTRACED,UNTRACED,Egypt.,,False,False
1006023,Panthera_tigris,Tiger,Carnivora,Felidae,Panthera,tigris,nonexistent,untraced (number not known),UNTRACED,UNTRACED,"Bengal, India.",,False,False
1006024,Panthera_uncia,Snow Leopard,Carnivora,Felidae,Panthera,uncia,holotype,untraced (number not known),UNTRACED,UNTRACED,"Kopet-Dagh Mountains, near Iran.",,False,False
1006033,Galidictis_fasciata,Broad-striped Vontsira,Carnivora,Eupleridae,Galidictis,fasciata,holotype,untraced (number not known),UNTRACED,UNTRACED,"type locality presumed to be Madagascar, erroneously listed by Gmelin as ""India"".",,False,False
1006037,Bdeogale_crassicauda,Bushy-tailed Mongoose,Carnivora,Herpestidae,Bdeogale,crassicauda,nonexistent,lost (number not known),LOST,LOST,"""Tette"", Mozambique.",,False,False
1006069,Mungos_mungo,Banded Mongoose,Carnivora,Herpestidae,Mungos,mungo,lectotype,untraced (number not known),UNTRACED,UNTRACED,"origin uncertain (later attributed to Gambia, but subsequently suggested to be Cape Province, South Africa).",,False,False
1006070,Suricata_suricatta,Meerkat,Carnivora,Herpestidae,Suricata,suricatta,nonexistent,untraced (number not known),UNTRACED,UNTRACED,"Cape of Good Hope, South Africa.",,False,False
1006071,Crocuta_crocuta,Spotted Hyena,Carnivora,Hyaenidae,Crocuta,crocuta,nonexistent,untraced (number not known),UNTRACED,UNTRACED,"Gui­­nea, Aethiopia; restricted to ""Senegambia"".",,False,False
1006072,Hyaena_hyaena,Striped Hyena,Carnivora,Hyaenidae,Hyaena,hyaena,holotype,lost (number not known),LOST,LOST,India.,,False,False
1006074,Proteles_cristatus,Southern Aardwolf,Carnivora,Hyaenidae,Proteles,cristatus,nonexistent,untraced (number not known),UNTRACED,UNTRACED,"Eastern Cape Province, South Africa.",,False,False
1006076,Genetta_angolensis,Angolan Genet,Carnivora,Viverridae,Genetta,angolensis,syntypes,lost (number not known),LOST,LOST,"Caconda, Angola.",,False,False
1006088,Genetta_tigrina,Cape Genet,Carnivora,Viverridae,Genetta,tigrina,nonexistent,untraced (number not known),UNTRACED,UNTRACED,"Cape of Good Hope, South Africa.",,False,False
1006100,Paradoxurus_hermaphroditus,Northern Palm Civet,Carnivora,Viverridae,Paradoxurus,hermaphroditus,nonexistent,untraced (number not known),UNTRACED,UNTRACED,type locality unknown.,,False,False
1006104,Paradoxurus_zeylonensis,Golden Palm Civet,Carnivora,Viverridae,Paradoxurus,zeylonensis,holotype,untraced (number not known),UNTRACED,UNTRACED,Sri Lanka.,,False,False
1006105,Civettictis_civetta,African Civet,Carnivora,Viverridae,Civettictis,civetta,lectotype,Buffon's specimen,BUFFON'S,BUFFON'S,Guinea.,,False,False
1006112,Dicerorhinus_sumatrensis,Sumatran Rhinoceros,Perissodactyla,Rhinocerotidae,Dicerorhinus,sumatrensis,holotype,lost (number not known),LOST,LOST,Sumatra.,,False,False
1006113,Diceros_bicornis,Black Rhinoceros,Perissodactyla,Rhinocerotidae,Diceros,bicornis,lectotype,specimen described by Kolbius,SPECIMEN,SPECIMEN,South Africa.,,False,False
1006117,Tapirus_indicus,Malayan Tapir,Perissodactyla,Tapiridae,Tapirus,indicus,holotype,lost (number not known),LOST,LOST,"Malaysia, Malay Peninsula.",,False,False
1006119,Tapirus_terrestris,Lowland Tapir,Perissodactyla,Tapiridae,Tapirus,terrestris,nonexistent,lost (number not known),LOST,LOST,"""Habitat in Brasillia"" i.e. Pernambuco, Brazil.",,False,False
1006123,Equus_ferus,Wild Horse,Perissodactyla,Equidae,Equus,ferus,nonexistent,untraced (number not known),UNTRACED,UNTRACED,"Bobrov, Russia.",,False,False
1006125,Equus_hemionus,Onager,Perissodactyla,Equidae,Equus,hemionus,nonexistent,untraced (number not known),UNTRACED,UNTRACED,"North-eastern boundary of Mongolia with Russia, Transbaikalia, S. Chitinsk, 50° N, 115° E.",,False,False
1006127,Equus_quagga,Plains Zebra,Perissodactyla,Equidae,Equus,quagga,nonexistent,untraced (number not known),UNTRACED,UNTRACED,"South Africa, south of Vaal River.",,False,False
1006128,Equus_zebra,Mountain Zebra,Perissodactyla,Equidae,Equus,zebra,nonexistent,untraced (number not known),UNTRACED,UNTRACED,"South Africa, south-western Cape Province.",,False,False
1006393,Balaena_mysticetus,Bowhead Whale,Artiodactyla,Balaenidae,Balaena,mysticetus,nonexistent,lost (number not known),LOST,LOST,"""Habitat in Oceano Grœnlandico"" (= Greenland Sea).",,False,False
1006395,Eubalaena_glacialis,North Atlantic Right Whale,Artiodactyla,Balaenidae,Eubalaena,glacialis,nonexistent,lost (number not known),LOST,LOST,"North Cape, Norway.",,False,False
1006397,Balaenoptera_acutorostrata,Common Minke Whale,Artiodactyla,Balaenopteridae,Balaenoptera,acutorostrata,nonexistent,untraced (number not known),UNTRACED,UNTRACED,"France, ""pris aux environs de la rade de Cherbourg,"" Manche.",,False,False
1006401,Balaenoptera_musculus,Blue Whale,Artiodactyla,Balaenopteridae,Balaenoptera,musculus,nonexistent,lost (number not known),LOST,LOST,"""Habitat in mari Scotico"" (Scotland, United Kingdom).",,False,False
1006403,Balaenoptera_physalus,Fin Whale,Artiodactyla,Balaenopteridae,Balaenoptera,physalus,nonexistent,lost (number not known),LOST,LOST,"""Habitat in Oceano Europæo."" Restricted by Thomas in 1911 to ""Norway, near Svalbard, Spitsbergen Sea.""",,False,False
1006405,Megaptera_novaeangliae,Humpback Whale,Artiodactyla,Balaenopteridae,Megaptera,novaeangliae,nonexistent,lost (number not known),LOST,LOST,"""de la nouvelle Angleterre,"" (coast of New England, USA).",,False,False
1006411,Delphinus_delphis,Panglobal Common Dolphin,Artiodactyla,Delphinidae,Delphinus,delphis,nonexistent,lost (number not known),LOST,LOST,"""Oceano Europæo.""",,False,False
1006432,Sousa_chinensis,Indo-Pacific Humpback Dolphin,Artiodactyla,Delphinidae,Sousa,chinensis,syntypes,lost (number not known),LOST,LOST,"Zhujiang Kou (mouth of Canton [Pearl] River, Guangdong Prov., China.",,False,False
1006425,Pseudorca_crassidens,False Killer Whale,Artiodactyla,Delphinidae,Pseudorca,crassidens,holotype,lost (number not known),LOST,LOST,"""in the great fen of Lincolnshire beneath the turf [subfossil], in the neighborhood of the ancient town of Stamford,"" England, UK.",,False,False
1006423,Orcinus_orca,Common Killer Whale,Artiodactyla,Delphinidae,Orcinus,orca,nonexistent,lost (number not known),LOST,LOST,"""Oceano Europæo.""",,False,False
1006426,Cephalorhynchus_australis,Peale's Dolphin,Artiodactyla,Delphinidae,Cephalorhynchus,australis,holotype,lost (number not known),LOST,LOST,"""South Atlantic Ocean, off the coast of Patagonia,"" Argentina.",,False,False
1006407,Cephalorhynchus_commersonii,Commerson's Dolphin,Artiodactyla,Delphinidae,Cephalorhynchus,commersonii,syntypes,lost (number not known),LOST,LOST,"""de la terre de Feu et dans le détroit de Magellan [= Tierra Del Fuego and Straits of Magellan],"" Chile.",,False,False
1006427,Cephalorhynchus_cruciger,Hourglass Dolphin,Artiodactyla,Delphinidae,Cephalorhynchus,cruciger,syntypes,lost (number not known),LOST,LOST,"""entre la Nouvelle-Hollande et le cap Horn [= between Australia and Cape Horn]…par 49 [S] de latitude,"" southern Pacific Ocean.",,False,False
1006419,Lissodelphis_borealis,Northern Right-whale Dolphin,Artiodactyla,Delphinidae,Lissodelphis,borealis,syntypes,lost (number not known),LOST,LOST,"""North Pacific Ocean, latitude 46° 6' 50"" N., 134° 5' W. from Greenwich,"" 10° W of Astoria, Oregon, USA.",,False,False
1006444,Delphinapterus_leucas,Beluga,Artiodactyla,Monodontidae,Delphinapterus,leucas,nonexistent,lost (number not known),LOST,LOST,"""die im Obischen Meerbusen"" (= mouth of Ob River), North-eastern Siberia, Russia.",,False,False
1006445,Monodon_monoceros,Narwhal,Artiodactyla,Monodontidae,Monodon,monoceros,nonexistent,lost (number not known),LOST,LOST,"""Habitat in Oceano Septentrionali Americæ, Europæ"" (= northern seas of Europe and America).",,False,False
1006450,Phocoena_phocoena,Harbor Porpoise,Artiodactyla,Phocoenidae,Phocoena,phocoena,nonexistent,lost (number not known),LOST,LOST,"""Habitat in Oceano Europæo & Balthico"" (= Baltic Sea, ""Swedish Seas"").",,False,False
1006461,Physeter_macrocephalus,Sperm Whale,Artiodactyla,Physeteridae,Physeter,macrocephalus,holotype,lost (number not known),LOST,LOST,"""in Oceano Europæo.""",,False,False
1006547,Platanista_minor,Indus River Dolphin,Artiodactyla,Platanistidae,Platanista,minor,holotype,lost (number not known),LOST,LOST,"""the Indus.""",,False,False
1006466,Hyperoodon_ampullatus,Northern Bottlenose Whale,Artiodactyla,Ziphiidae,Hyperoodon,ampullatus,holotype,lost (number not known),LOST,LOST,Maldon (England).,,False,False
1006473,Mesoplodon_europaeus,Gervais's Beaked Whale,Artiodactyla,Ziphiidae,Mesoplodon,europaeus,holotype,lost (number not known),LOST,LOST,"English Channel, ""qui provient d'un individu harponné dans la Manche.""",,False,False
1006475,Mesoplodon_grayi,Gray's Beaked Whale,Artiodactyla,Ziphiidae,Mesoplodon,grayi,syntypes,lost (number not known),LOST,LOST,"New Zealand, ""the Chatham Islands…from specimens stranded…on the Waitangi beach of the main island of that group.""",,False,False
1006131,Alcelaphus_buselaphus,Hartebeest,Artiodactyla,Bovidae,Alcelaphus,buselaphus,nonexistent,untraced (number not known),UNTRACED,UNTRACED,Morocco.,,False,False
1006133,Connochaetes_gnou,Black Wildebeest,Artiodactyla,Bovidae,Connochaetes,gnou,nonexistent,untraced (number not known),UNTRACED,UNTRACED,"Cape of Good Hope. Restricted by P. Grubb in 1999 to Agterbruintjieshoogte, Somerset East district.",,False,False
1006136,Damaliscus_pygargus,Bontebok,Artiodactyla,Bovidae,Damaliscus,pygargus,nonexistent,untraced (number not known),UNTRACED,UNTRACED,"Cape of Good Hope. Restricted by Bigalke in 1948 to Swart River, near Caledon.",,False,False
1006138,Antidorcas_marsupialis,Springbok,Artiodactyla,Bovidae,Antidorcas,marsupialis,nonexistent,untraced (number not known),UNTRACED,UNTRACED,"Cape Province, South Africa.",,False,False
1006149,Gazella_dorcas,Dorcas Gazelle,Artiodactyla,Bovidae,Gazella,dorcas,nonexistent,untraced (number not known),UNTRACED,UNTRACED,"Africa. Restricted to ""Lower Egypt"" by Blaine in 1913 and ""west of the Nile River"" by Osborn and Helmy in 1980.",,False,False
1006150,Gazella_gazella,Mountain Gazelle,Artiodactyla,Bovidae,Gazella,gazella,nonexistent,untraced (number not known),UNTRACED,UNTRACED,Syria.,,False,False
1006154,Gazella_subgutturosa,Goitered Gazelle,Artiodactyla,Bovidae,Gazella,subgutturosa,nonexistent,untraced (number not known),UNTRACED,UNTRACED,"Georgia, steppes of E Transcaucasia, near Tbilisi.",,False,False
1006164,Nanger_dama,Dama Gazelle,Artiodactyla,Bovidae,Nanger,dama,nonexistent,untraced (number not known),UNTRACED,UNTRACED,Senegal.,,False,False
1006165,Nanger_granti,Grant's Gazelle,Artiodactyla,Bovidae,Nanger,granti,nonexistent,lost (number not known),LOST,LOST,"Western Kinyenye, Ugogo, Tanzania.",,False,False
1006176,Saiga_tatarica,Saiga,Artiodactyla,Bovidae,Saiga,tatarica,nonexistent,untraced (number not known),UNTRACED,UNTRACED,Ural steppes of Russia.,,False,False
1006169,Ourebia_ourebi,Oribi,Artiodactyla,Bovidae,Ourebia,ourebi,nonexistent,untraced (number not known),UNTRACED,UNTRACED,Cape of Good Hope.,,False,False
1006140,Dorcatragus_megalotis,Beira,Artiodactyla,Bovidae,Dorcatragus,megalotis,syntypes,lost (number not known),LOST,LOST,"Hekebo, northern Somalia.",,False,False
1006177,Ammotragus_lervia,Aoudad,Artiodactyla,Bovidae,Ammotragus,lervia,nonexistent,untraced (number not known),UNTRACED,UNTRACED,N Africa.,,False,False
1006180,Capra_aegagrus,Wild Goat,Artiodactyla,Bovidae,Capra,aegagrus,nonexistent,untraced (number not known),UNTRACED,UNTRACED,"Daghestan District of Caucasus, S Russia.",,False,False
1006181,Capra_caucasica,Kuban Tur,Artiodactyla,Bovidae,Capra,caucasica,nonexistent,untraced (number not known),UNTRACED,UNTRACED,Central Caucasus.,,False,False
1006188,Capra_sibirica,Siberian Ibex,Artiodactyla,Bovidae,Capra,sibirica,nonexistent,untraced (number not known),UNTRACED,UNTRACED,Siberia.,,False,False
1006192,Capricornis_sumatraensis,Maned Serow,Artiodactyla,Bovidae,Capricornis,sumatraensis,nonexistent,untraced (number not known),UNTRACED,UNTRACED,Sumatra.,,False,False
1006199,Naemorhedus_goral,Himalayan Goral,Artiodactyla,Bovidae,Naemorhedus,goral,holotype,lost (number not known),LOST,LOST,Nepal.,,False,False
1006202,Ovibos_moschatus,Muskox,Artiodactyla,Bovidae,Ovibos,moschatus,nonexistent,untraced (number not known),UNTRACED,UNTRACED,"Canada (Manitoba, between Seal and Churchill rivers).",,False,False
1006230,Philantomba_monticola,Blue Duiker,Artiodactyla,Bovidae,Philantomba,monticola,nonexistent,untraced (number not known),UNTRACED,UNTRACED,Cape Colony.,,False,False
1006234,Hippotragus_equinus,Roan Antelope,Artiodactyla,Bovidae,Hippotragus,equinus,holotype,untraced (number not known),UNTRACED,UNTRACED,"Inconnue. Restricted by Grubb in 1999 to ""South Africa, Western Cape Prov., Plettenberg Bay"".",,False,False
1006240,Oryx_leucoryx,Arabian Oryx,Artiodactyla,Bovidae,Oryx,leucoryx,nonexistent,untraced (number not known),UNTRACED,UNTRACED,Arabia.,,False,False
1006244,Oreotragus_oreotragus,Klipspringer,Artiodactyla,Bovidae,Oreotragus,oreotragus,nonexistent,untraced (number not known),UNTRACED,UNTRACED,Cape of Good Hope.,,False,False
1006246,Kobus_kob,Kob,Artiodactyla,Bovidae,Kobus,kob,nonexistent,untraced (number not known),UNTRACED,UNTRACED,Upper Guinea.,,False,False
1006250,Pelea_capreolus,Rhebok,Artiodactyla,Bovidae,Pelea,capreolus,nonexistent,untraced (number not known),UNTRACED,UNTRACED,Cape Colony.,,False,False
1006251,Redunca_arundinum,Southern Reedbuck,Artiodactyla,Bovidae,Redunca,arundinum,nonexistent,untraced (number not known),UNTRACED,UNTRACED,Cape Colony.,,False,False
1006253,Redunca_redunca,Bohor Reedbuck,Artiodactyla,Bovidae,Redunca,redunca,nonexistent,untraced (number not known),UNTRACED,UNTRACED,"Senegal, Goree Island.",,False,False
1006254,Boselaphus_tragocamelus,Nilgai,Artiodactyla,Bovidae,Boselaphus,tragocamelus,nonexistent,untraced (number not known),UNTRACED,UNTRACED,"Bengal, India.",,False,False
1006261,Bos_grunniens,Domestic Yak,Artiodactyla,Bovidae,Bos,grunniens,nonexistent,untraced (number not known),UNTRACED,UNTRACED,"Tibetan Plateau, China.",,False,True
1006268,Bubalus_arnee,Asian Wild Buffalo,Artiodactyla,Bovidae,Bubalus,arnee,nonexistent,untraced (number not known),UNTRACED,UNTRACED,"India, north from Bengal. Restricted by Harper in 1940 to Koch Behar, India.",,False,False
1006269,Bubalus_bubalis,Water Buffalo,Artiodactyla,Bovidae,Bubalus,bubalis,nonexistent,untraced (number not known),UNTRACED,UNTRACED,India.,,False,True
1006275,Tragelaphus_angasii,Nyala,Artiodactyla,Bovidae,Tragelaphus,angasii,syntypes,lost (number not known),LOST,LOST,"KwaZulu-Natal, S Africa.",,False,False
1006280,Tragelaphus_oryx,Common Eland,Artiodactyla,Bovidae,Tragelaphus,oryx,nonexistent,untraced (number not known),UNTRACED,UNTRACED,S Africa.,,False,False
1006281,Tragelaphus_scriptus,Northern Bushbuck,Artiodactyla,Bovidae,Tragelaphus,scriptus,nonexistent,untraced (number not known),UNTRACED,UNTRACED,Senegal.,,False,False
1006283,Tragelaphus_strepsiceros,Greater Kudu,Artiodactyla,Bovidae,Tragelaphus,strepsiceros,nonexistent,untraced (number not known),UNTRACED,UNTRACED,"""Prom. B. Spei"" (Cape of Good Hope). Restricted by Grubb in 1999 to South Africa, southeastern Cape Province (eastern part of Western Cape Province).",,False,False
1006284,Tragelaphus_sylvaticus,Southern Bushbuck,Artiodactyla,Bovidae,Tragelaphus,sylvaticus,nonexistent,untraced (number not known),UNTRACED,UNTRACED,"Groot Vatersbosch District, southern Cape, Africa.",,False,False
1006287,Capreolus_pygargus,Eastern Roe Deer,Artiodactyla,Cervidae,Capreolus,pygargus,nonexistent,untraced (number not known),UNTRACED,UNTRACED,"river Sok, Trans-Volga region (Russia).",,False,False
1006291,Hippocamelus_bisulcus,Southern Huemul,Artiodactyla,Cervidae,Hippocamelus,bisulcus,nonexistent,untraced (number not known),UNTRACED,UNTRACED,"Colchagua Province, Chile.",,False,False
1006300,Odocoileus_hemionus,Mule Deer,Artiodactyla,Cervidae,Odocoileus,hemionus,nonexistent,lost (number not known),LOST,LOST,"Big Sioux River, South Dakota (USA).",,False,False
1006302,Odocoileus_virginianus,White-tailed Deer,Artiodactyla,Cervidae,Odocoileus,virginianus,nonexistent,untraced (number not known),UNTRACED,UNTRACED,Virginia (USA).,,False,False
1006297,Passalites_nemorivagus,Northern Brown Brocket,Artiodactyla,Cervidae,Passalites,nemorivagus,syntypes,untraced (number not known),UNTRACED,UNTRACED,Cayenne (French Guiana).,,False,False
1006305,Pudu_puda,Southern Pudu,Artiodactyla,Cervidae,Pudu,puda,nonexistent,lost (number not known),LOST,LOST,Chiloé Province (Chile).,,False,False
1006306,Rangifer_tarandus,Caribou,Artiodactyla,Cervidae,Rangifer,tarandus,nonexistent,untraced (number not known),UNTRACED,UNTRACED,"Lapland, Sweden.",,False,False
1006307,Axis_axis,Chital,Artiodactyla,Cervidae,Axis,axis,nonexistent,untraced (number not known),UNTRACED,UNTRACED,"Banks of Ganges, Bihar (India).",,False,False
1006310,Axis_porcinus,Hog Deer,Artiodactyla,Cervidae,Axis,porcinus,nonexistent,untraced (number not known),UNTRACED,UNTRACED,West Bengal (India).,,False,False
1006312,Cervus_canadensis,Wapiti,Artiodactyla,Cervidae,Cervus,canadensis,nonexistent,untraced (number not known),UNTRACED,UNTRACED,E Canada.,,False,False
1006325,Rusa_unicolor,Sambar,Artiodactyla,Cervidae,Rusa,unicolor,nonexistent,untraced (number not known),UNTRACED,UNTRACED,Sri Lanka.,,False,False
1006332,Muntiacus_muntjak,Southern Red Muntjac,Artiodactyla,Cervidae,Muntiacus,muntjak,nonexistent,untraced (number not known),UNTRACED,UNTRACED,Java.,,False,False
1006338,Muntiacus_vaginalis,Northern Red Muntjac,Artiodactyla,Cervidae,Muntiacus,vaginalis,nonexistent,untraced (number not known),UNTRACED,UNTRACED,Bangladesh.,,False,False
1006341,Giraffa_giraffa,Southern Giraffe,Artiodactyla,Giraffidae,Giraffa,giraffa,nonexistent,untraced (number not known),UNTRACED,UNTRACED,"S of Warmbad, Orange River, South Africa.",,False,False
1006354,Moschiola_meminna,White-spotted Chevrotain,Artiodactyla,Tragulidae,Moschiola,meminna,nonexistent,untraced (number not known),UNTRACED,UNTRACED,"Type locality selected by Groves & Meijaard in 2005 as Wariyapola, 7° 37' N, 80° 13' E, North Central Province, Sri Lanka.",,False,False
1006355,Tragulus_javanicus,Javan Chevrotain,Artiodactyla,Tragulidae,Tragulus,javanicus,nonexistent,untraced (number not known),UNTRACED,UNTRACED,"Udjung Kulon Peninsula, Java, Indonesia.",,False,False
1006365,Phacochoerus_aethiopicus,Desert Warthog,Artiodactyla,Suidae,Phacochoerus,aethiopicus,nonexistent,untraced (number not known),UNTRACED,UNTRACED,"""Promontoria Bona Spei advectus,"" between Kaffraria and Great Namaqualand (South Africa, Eastern Cape Province), two hundred leagues from the Cape of Good Hope.",,False,False
1006366,Phacochoerus_africanus,Common Warthog,Artiodactyla,Suidae,Phacochoerus,africanus,nonexistent,untraced (number not known),UNTRACED,UNTRACED,"""Habitat in Africa a capite viridi as caput bonae spei""; restricted to Senegal, ""Cape Verd [Verde].""",,False,False
1006374,Sus_domesticus,Domestic Pig,Artiodactyla,Suidae,Sus,domesticus,nonexistent,untraced (number not known),UNTRACED,UNTRACED,type locality not given.,,False,True
1006381,Tayassu_pecari,White-lipped Peccary,Artiodactyla,Tayassuidae,Tayassu,pecari,nonexistent,untraced (number not known),UNTRACED,UNTRACED,"Cayenne, French Guiana.",,False,False
1006382,Camelus_bactrianus,Domestic Bactrian Camel,Artiodactyla,Camelidae,Camelus,bactrianus,nonexistent,untraced (number not known),UNTRACED,UNTRACED,"habitat in Africa. Restricted to ""Bactria"" (Uzbekistan, Bokhara) by Thomas in 1911 based on domestic stock.",,False,True
1006386,Lama_guanicoe,Guanaco,Artiodactyla,Camelidae,Lama,guanicoe,nonexistent,untraced (number not known),UNTRACED,UNTRACED,"Patagonia, Argentina.",,False,False
1006388,Lama_vicugna,Vicuña,Artiodactyla,Camelidae,Lama,vicugna,nonexistent,untraced (number not known),UNTRACED,UNTRACED,"Chile, ""abondano nella parte della Cordigliera spettante alle Provincie de Coquimbo, e di Copiapó"" (Cordilleras of Coquimbo and Copiapó in northern Chile).",,False,False
